time_s,s_time_corrected_s,No of GPS Satellites Available,Time Since Start of Day (seconds),Latitude (degrees),Longitude (degrees),Velocity (km/hr),Heading (degrees),Height (km),Vertical velocity (km/hr),Sample period (seconds),Steering Angle (degrees),Wheel Speed Front Left (rad/sec),Wheel Speed Front Right (rad/sec),Wheel Speed Rear Left (rad/sec),Wheel Speed Rear Right (rad/sec),Yaw Rate (deg/sec),Indicated Vehicle Speed (km/hr),Indicated Longitudinal Acceleration (g),Indicated Lateral Acceleration (g),Handbrake (0 or 1),Gear Requested (Number fof gear employed 1-5),Gear (Number fof gear employed 1-5),Engine Speed (rev/min),Coolant Temperature (degrees),Clutch Position (0 or 1),Brake Pressure (psi),Brake Position (0 or 1),Battery Voltage (volts),Air Temperature (degrees),Accelerator Pedal Position (0 or 1),S_GPS LATITUDE (degrees),S_GPS LONGITUDE (degrees),S_GPS ALTITUDE (m),S_GPS SPEED (Kmh),S_GPS ACCURACY (m),S_GPS ORIENTATION (Â°),S_GPS SATELLITES IN RANGE,S_TIME SINCE START (ms),S_DATE (YYYY-MO-DD HH-MI-SS_SSS),S_ACCELEROMETER X (m/s²),S_ACCELEROMETER Y (m/s²),S_ACCELEROMETER Z (m/s²),S_GRAVITY X (m/s²),S_GRAVITY Y (m/s²),S_GRAVITY Z (m/s²),S_GYROSCOPE Yaw (rad/s),S_GYROSCOPE Pitch (rad/s),S_GYROSCOPE Roll (rad/s),S_MAGNETIC FIELD X (Î¼T),S_MAGNETIC FIELD Y (Î¼T),S_MAGNETIC FIELD Z (Î¼T),S_ORIENTATION (Yaw) (Â°),S_ORIENTATION (Pitch) (Â°),S_ORIENTATION (Roll ) (Â°)
58062.4,58062.40017,9,58062.4,52.2018381,-2.2017669,15.062,91.176,78.43,-0.17,0.1,23.5,15.25,14.98,15.23,14.96,-2.100006,15.14,-0.02958012,0.009180069,0,2,3,1214,88,0,0.2999878,1,13.7,14.25,0,52.201836,-2.201769,131.48,3.89,2,90.45,23 / 23,13938310,2020-01-08 16:07:41:904,0.064,1.2419,9.2444,0.0154,0.0325,9.8065,-0.0342,-0.2439,0.1678,-18.56,-36.5,4.19,292.63,-89.15,-167.8
58062.5,58062.50017,9,58062.5,52.2018379,-2.2017607,15.138,91.409,78.4,-0.18,0.1,22.89996,15.18999,15.07999,15.27,14.98,-1.799988,15.21,-0.02958012,0.02957988,0,2,3,1203,88,0,0.2999878,1,13.7,14.25,0,52.201836,-2.201769,131.48,3.89,2,90.45,23 / 23,13938410,2020-01-08 16:07:42:004,0.0569,-2.9698,9.9913,0.024,0.0394,9.8065,0.0101,-0.4286,0.2517,-19.56,-36.56,4.31,288.91,-89.03,-170.74
58062.6,58062.60017,9,58062.6,52.2018378,-2.2017545,15.214,91.096,78.38,-0.18,0.1,22.70001,15.34,15.18999,15.38,15.27,-1.799988,15.23,-0.02958012,0.0397799,0,2,3,1203,88,0,0.2999878,1,13.7,14.25,0,52.201836,-2.201769,131.48,3.89,2,90.45,23 / 23,13938510,2020-01-08 16:07:42:104,0.6111,0.3082,10.5127,0.0132,0.0164,9.8066,0.0033,-0.0586,0.0544,-18.37,-36.87,3.94,291.67,-88.93,-168.87
58062.7,58062.70017,9,58062.7,52.2018377,-2.2017482,15.347,91.162,78.36,-0.18,0.1,22.39996,15.39999,15.25999,15.46,15.31,-1.299988,15.32,-0.02958012,0.009180069,0,2,3,1200,88,0,0.05999756,1,13.7,14.25,0,52.201836,-2.201769,131.48,3.89,2,90.45,23 / 23,13938610,2020-01-08 16:07:42:204,-1.072,-1.0043,9.2935,0.0376,0.0226,9.8065,-0.0582,-0.2647,0.0106,-18.25,-35.81,4.5,290.53,-88.85,-172.91
58062.8,58062.80017,9,58062.8,52.2018375,-2.2017419,15.408,91.596,78.33,-0.19,0.1,21.79999,15.56,15.37,15.55,15.32,-1.699982,15.42,-0.02958012,0.009180069,0,2,3,1201,88,0,-0.1700134,0,13.7,14.25,0,52.201836,-2.201769,131.48,3.89,2,90.45,23 / 23,13938710,2020-01-08 16:07:42:304,0.467,-0.712,10.57,0.0001,-0.0296,9.8066,-0.06,0.1594,-0.1697,-19.69,-35.37,4.75,288.35,-89,-174.07
58062.9,58062.89917,9,58062.9,52.2018375,-2.2017356,15.505,90.944,78.3,-0.2,0.1,21.39996,15.61,15.48,15.61,15.43999,-1.600006,15.51,-0.02958012,0.01937985,0,2,3,1214,88,0,-0.1700134,0,13.7,14.25,0,52.201836,-2.201769,131.48,3.89,2,90.45,23 / 23,13938809,2020-01-08 16:07:42:403,-0.1956,-2.5226,9.3292,0.022,0.0349,9.8066,-0.0713,-0.0974,0.1597,-19.06,-35.5,4.38,293.08,-89.05,-167.23
58063,58063.00017,9,58063,52.2018373,-2.2017292,15.646,91.639,78.28,-0.2,0.1,20.70001,15.75999,15.6,15.73,15.63,-1.299988,15.62,-0.02958012,0.009180069,0,2,3,1212,88,0,-0.1700134,0,13.7,14.25,0,52.201836,-2.201769,131.48,3.89,2,90.45,23 / 23,13938910,2020-01-08 16:07:42:504,0.6237,-0.1828,10.1438,-0.0049,-0.0359,9.8066,-0.0059,0.1835,-0.1147,-18.81,-36.12,4.88,310.22,-89.08,-153.24
58063.1,58063.10117,9,58063.1,52.2018371,-2.2017227,15.862,91.711,78.25,-0.21,0.1,17.89996,15.88,15.73,15.91,15.78,-1.100006,15.75,-0.02958012,0,0,2,3,1216,88,0,0.05999756,0,13.8,14.25,0,52.201836,-2.201769,131.48,3.89,2,90.45,23 / 23,13939011,2020-01-08 16:07:42:605,0.9631,1.3285,8.9846,0.0114,0.0016,9.8066,-0.0644,-0.0626,0.0565,-18.69,-35.12,4.19,316.51,-89,-144.14
58063.2,58063.19917,9,58063.2,52.201837,-2.2017163,15.815,91.581,78.22,-0.22,0.1,13.79999,15.95,15.89,15.98,15.77,-1,15.88,-0.02958012,0.009180069,0,2,3,1219,88,0,0.05999756,0,13.8,14.25,0,52.201836,-2.201769,131.48,3.89,2,90.45,23 / 23,13939109,2020-01-08 16:07:42:703,0.9034,1.1191,9.9183,-0.0025,-0.0381,9.8066,-0.0248,0.1455,-0.0357,-19.37,-35,4.56,337.1,-88.77,-126.79
58063.3,58063.30017,9,58063.3,52.2018367,-2.2017097,16.006,92.555,78.19,-0.23,0.1,10.70001,16.05,15.93,16.09,15.95,-0.1999817,15.89,-0.01938009,0.0397799,0,2,3,1223,88,0,-0.1700134,0,13.7,14.25,0,52.201836,-2.201769,131.48,3.89,2,90.45,23 / 23,13939210,2020-01-08 16:07:42:804,-0.6591,0.3872,9.6111,0.0118,-0.0003,9.8066,-0.0565,-0.0149,-0.0088,-20.19,-35.25,4.5,339.88,-88.72,-123.41
58063.4,58063.40017,9,58063.4,52.2018366,-2.201703,16.348,91.834,78.15,-0.24,0.1,10.70001,16,16.09,16.12,16.2,-0.1000061,16.05,-0.009180069,0.05915999,0,2,3,1224,88,0,0.05999756,0,13.8,14.25,0,52.201836,-2.201769,131.48,3.89,2,90.45,23 / 23,13939310,2020-01-08 16:07:42:904,0.5483,-0.8265,10.1632,-0.0005,-0.0185,9.8066,-0.0286,0.0385,-0.0672,-19.56,-35,4.63,346.07,-88.66,-117.41
58063.5,58063.50017,9,58063.5,52.2018366,-2.2016962,16.603,90.375,78.11,-0.26,0.1,7.599976,16.43,16.17,16.52,16.24,-0.1000061,16.34,-0.03978014,-0.02958012,0,2,3,1229,88,0,-0.1700134,0,13.8,14.25,0,52.201836,-2.201769,131.48,3.89,2,90.45,23 / 23,13939410,2020-01-08 16:07:43:004,0.7506,-0.1011,8.1519,-0.0057,0.0277,9.8066,-0.043,-0.0119,0.0733,-18.87,-35.06,3.63,348.22,-88.7,-113.19
58063.6,58063.60017,9,58063.6,52.2018363,-2.2016895,16.56,91.875,78.08,-0.26,0.1,2.099976,16.59,16.66,16.64,16.36,0.2000122,16.6,-0.06936002,-0.04997993,0,2,3,1229,88,0,0.05999756,0,13.8,14.25,0,52.201836,-2.201769,131.48,3.89,2,90.45,23 / 23,13939510,2020-01-08 16:07:43:104,1.1884,1.3127,9.5734,-0.0546,-0.0169,9.8064,0.0157,0.0605,0.023,-20,-34.87,3.5,356.34,-88.61,-104.82
58063.7,58063.70017,9,58063.7,52.201836,-2.2016829,16.312,93.728,78.04,-0.27,0.1,0,16.75,16.78,16.81,16.7,0.8999939,16.8,-0.06936002,0.05915999,0,2,3,1232,88,0,-0.1700134,0,13.7,14.25,0,52.201836,-2.201769,131.48,3.89,2,90.45,23 / 23,13939610,2020-01-08 16:07:43:204,-0.1039,-2.3097,10.5122,-0.0294,-0.0381,9.8065,-0.0753,-0.0703,0.1178,-20.19,-34.81,4.13,18.05,-88.09,-84.28
58063.8,58063.79917,9,58063.8,52.2018358,-2.2016763,16.261,93.143,78.02,-0.26,0.1,0,16.79,16.98,17.14999,17.21,1.300018,16.9,-0.05915999,0.1091399,0,2,3,1231,88,0,-0.1700134,0,13.7,14.25,0,52.201836,-2.201769,131.48,3.89,2,90.45,23 / 23,13939709,2020-01-08 16:07:43:303,-1.5682,-2.7794,12.0219,-0.002,-0.011,9.8066,0.068,0.4286,-0.2767,-19.87,-34.69,3.31,21.76,-87.88,-78.14
58063.9,58063.90017,9,58063.9,52.2018358,-2.2016695,16.441,90.557,77.99,-0.26,0.1,0,17.1,17.03,17.3,17.17,0.8000183,17.01,-0.02958012,0.05915999,0,2,3,1227,88,0,0.05999756,0,13.7,14.25,0,52.201836,-2.201769,131.48,3.89,2,90.45,23 / 23,13939810,2020-01-08 16:07:43:404,-1.6643,-2.6769,10.6104,0.0533,0.0284,9.8064,-0.0364,0.0372,-0.189,-19.44,-34.87,2.88,14.7,-88.47,-84.98
58064,58064.00017,9,58064,52.2018358,-2.2016629,16.276,89.75,77.94,-0.29,0.1,0,17.07999,17.18999,16.68999,17.2,1.800018,17.13,-0.01938009,-0.01938009,0,2,3,1232,88,0,-0.1700134,0,13.7,14.25,0,52.201836,-2.201769,131.48,3.89,2,90.45,23 / 23,13939910,2020-01-08 16:07:43:504,1.1128,1.9923,9.6948,0.0169,-0.0695,9.8064,0.1252,0.4399,-0.3131,-18.87,-34.19,3.25,356.82,-88.94,-102.04
58064.1,58064.10017,9,58064.1,52.2018355,-2.2016561,16.56,91.609,77.9,-0.3,0.1,0,16.89999,17.18,16.68,16.64999,3.600006,17.04,-0.009180069,-0.06936002,0,2,3,1234,88,0,-0.1700134,0,13.7,14.25,0,52.201836,-2.201769,131.48,3.89,2,90.45,23 / 23,13940010,2020-01-08 16:07:43:604,1.2523,2.945,9.1146,0.0559,-0.0154,9.8064,0.1669,0.0697,0.1174,-19.5,-34.69,3.88,337.4,-88.24,-123.27
58064.2,58064.20017,9,58064.2,52.2018352,-2.2016492,16.898,93.193,77.87,-0.29,0.1,0,16.79,17.05,17.12,16.86,2.300018,16.93,-0.009180069,0.02957988,0,2,3,1221,88,0,-0.1700134,0,13.7,14.25,1.5,52.201836,-2.201769,131.48,3.89,2,90.45,23 / 23,13940110,2020-01-08 16:07:43:704,1.0346,-0.2721,9.5119,0.0565,-0.0975,9.8059,0.1737,0.2198,-0.1151,-20.5,-34.19,4.31,327.73,-87.5,-131.33
58064.3,58064.30017,9,58064.3,52.201835,-2.2016422,17.143,93.13,77.86,-0.26,0.1,0,16.74,17.07999,17.06,17.14999,3.600006,16.9,-0.03978014,0.1897199,0,2,3,1232,88,0,-0.1700134,0,13.8,14.25,4.5,52.201836,-2.201769,131.48,3.89,2,90.45,23 / 23,13940210,2020-01-08 16:07:43:804,0.0053,-1.9626,9.4118,0.0483,-0.0013,9.8065,0.0576,0.0018,-0.1644,-19.81,-34.06,5,321.61,-86.51,-138.8
58064.4,58064.39917,9,58064.4,52.201835,-2.2016351,17.428,90.573,77.84,-0.25,0.1,0,16.82,17.2,16.88,17.43999,5.5,16.95,-0.04997993,0.16014,0,2,3,1271,88,0,0.05999756,0,13.8,14.25,4.5,52.201836,-2.201769,131.48,3.89,2,90.45,23 / 23,13940309,2020-01-08 16:07:43:903,-0.4739,-2.5457,11.1182,0.0019,0.0018,9.8065,0.0172,0.4594,-0.474,-19,-34.56,5.38,310.03,-86.63,-150.06
58064.5,58064.50017,9,58064.5,52.2018351,-2.2016283,16.898,89.129,77.82,-0.24,0.1,0,16.82999,17.35,16.68999,17.39,5.700012,17,-0.03978014,0.04997993,0,2,3,1317,88,0,-0.1700134,0,13.7,14.25,4.5,52.201836,-2.201769,131.48,3.89,2,90.45,23 / 23,13940410,2020-01-08 16:07:44:004,-0.1077,0.1041,9.7699,0.0146,0.0698,9.8063,-0.0253,0.0556,0.0044,-19.62,-35.12,4.38,294.5,-87.11,-162.27
58064.6,58064.59917,9,58064.6,52.2018352,-2.2016214,17.046,88.461,77.8,-0.23,0.1,0,16.81,17.37,16.77,17.32999,5.5,17.07,-0.01938009,0.009180069,0,2,3,1369,88,0,-0.1700134,0,13.8,14.25,4.5,52.201836,-2.201769,131.48,3.89,2,90.45,23 / 23,13940509,2020-01-08 16:07:44:103,-0.6843,1.2321,10.0567,-0.0393,-0.0451,9.8064,0.0976,0.4839,-0.1346,-19.25,-35.06,4.25,294.8,-87.28,-162.6
58064.7,58064.70017,9,58064.7,52.2018352,-2.2016144,17.053,88.933,77.77,-0.23,0.1,0,16.78,17.28,16.77,17.07999,5.600006,17.12,-0.01938009,0.01937985,0,2,3,1439,88,0,0.05999756,0,13.7,14.25,4.5,52.201836,-2.201769,131.48,3.89,2,90.45,23 / 23,13940610,2020-01-08 16:07:44:204,0.4738,4.5402,10.0262,-0.0111,-0.0525,9.8064,0.0739,0.2371,-0.1661,-19.06,-34.87,3.5,307.05,-87.21,-150.78
58064.8,58064.80017,9,58064.8,52.2018353,-2.2016076,16.816,88.663,77.77,-0.21,0.1,0,16.89999,17.36,16.88,17.23,5.399994,17.08,-0.01938009,0.02957988,0,2,3,1488,88,0,-0.1700134,0,13.7,14.25,5.5,52.201836,-2.201769,131.48,3.89,2,90.45,23 / 23,13940710,2020-01-08 16:07:44:304,0.481,1.2561,9.3849,-0.0085,-0.076,9.8063,0.0876,0.5136,-0.3029,-20.06,-35.19,4,304.62,-87,-152.41
58064.9,58064.89917,9,58064.9,52.2018354,-2.2016005,17.438,88.185,77.74,-0.22,0.1,0,16.91,17.42,16.93,17.3,5.200012,17.14,-0.009180069,0.07956004,0,2,3,1529,88,0,0.05999756,0,13.7,14.25,8,52.201836,-2.201769,131.48,3.89,2,90.45,23 / 23,13940809,2020-01-08 16:07:44:403,1.4573,2.6221,9.7357,0.0078,-0.02,9.8066,0.0385,0.4374,-0.1931,-20,-35.44,4.5,309.17,-86.74,-150.52
58065,58064.99917,9,58065,52.2018356,-2.2015936,16.884,87.686,77.73,-0.2,0.1,0,17.16,17.59,17.04,17.53,5.200012,17.28,0,0.08976007,0,2,3,1547,88,0,-0.1700134,0,13.7,14.25,9,52.201836,-2.201769,131.48,3.89,2,90.45,23 / 23,13940909,2020-01-08 16:07:44:503,0.5302,-1.9864,9.3869,-0.0004,-0.004,9.8066,0.0485,0.2542,-0.0988,-19.62,-35.37,3.44,298.75,-86.76,-154.81
58065.1,58065.10017,9,58065.1,52.2018359,-2.2015865,17.604,86.181,77.72,-0.18,0.1,0,17.29,17.73,17.31,17.64,5.399994,17.47,0.009180069,0.05915999,0,2,3,1589,88,0,0.07000732,0,13.8,14.25,9,52.201836,-2.201769,131.48,3.89,2,90.45,23 / 23,13941010,2020-01-08 16:07:44:604,0.7141,3.0391,10.5104,-0.0176,-0.0383,9.8065,0.0752,0.4508,-0.3246,-18.87,-34.81,3.31,295.03,-86.76,-158.55
58065.2,58065.20017,9,58065.2,52.2018363,-2.2015793,17.539,85.25,77.69,-0.2,0.1,0,17.54,17.92,17.50999,17.96999,4.899994,17.67,0.01937985,0.01937985,0,2,3,1618,88,0,0.07000732,0,13.7,14.25,9,52.201836,-2.201769,131.48,3.89,2,90.45,23 / 23,13941110,2020-01-08 16:07:44:704,-0.7126,-1.169,10.4791,0.0209,-0.0326,9.8065,-0.0204,0.0708,-0.0684,-18.94,-35.56,3.94,291.16,-86.83,-165.21
58065.3,58065.30317,9,58065.3,52.2018366,-2.2015722,17.586,85.43,77.68,-0.18,0.1,0,17.64,18.18999,17.63,18.06,5.100006,17.91,0.01937985,0,0,2,3,1630,88,0,-0.1600037,0,13.7,14.25,9,52.201836,-2.201769,131.48,3.89,2,90.45,23 / 23,13941213,2020-01-08 16:07:44:807,1.0186,-0.1583,9.7152,0.0182,-0.0283,9.8065,0.0043,0.1745,0.0498,-19.12,-35.5,3.13,290.19,-86.54,-162.83
58065.4,58065.40017,9,58065.4,52.2018369,-2.2015649,17.827,85.821,77.66,-0.18,0.1,0,17.92,18.3,17.96999,18.18999,4.600006,18.07,0.0397799,0.04997993,0,2,3,1652,88,0,0.07000732,0,13.8,14.25,9,52.201836,-2.201769,131.48,3.89,2,90.45,23 / 24,13941310,2020-01-08 16:07:44:904,1.0467,-0.3936,10.3915,0.0099,-0.0086,9.8066,0.0553,0.0813,0.0652,-19.44,-35.37,3.88,296.81,-86.39,-159.21
58065.5,58065.50017,9,58065.5,52.2018373,-2.2015575,18.23,84.907,77.64,-0.18,0.1,0,18.16,18.55,18.24,18.41,4.5,18.27,0.0397799,0.06936002,0,2,3,1675,88,0,-0.1600037,0,13.7,14.25,9,52.201836,-2.201769,131.48,3.89,2,90.45,23 / 24,13941410,2020-01-08 16:07:45:004,-0.0345,-1.0686,9.1304,0.0177,-0.0061,9.8066,-0.0199,-0.0183,0.1056,-19.37,-34.87,2.88,293.4,-86.2,-159.15
58065.6,58065.60017,9,58065.6,52.2018377,-2.20155,18.518,84.469,77.63,-0.17,0.1,0,18.49,18.85,18.42,18.78,4.300018,18.59,0.0397799,0.05915999,0,2,3,1693,88,0,-0.1600037,0,13.8,14.25,9,52.201836,-2.201769,131.48,3.89,2,90.45,23 / 24,13941510,2020-01-08 16:07:45:104,1.1686,0.8689,9.9674,0.0142,-0.0181,9.8065,0.0749,0.1661,-0.0618,-19.44,-35.81,3.94,292.1,-86.22,-163.23
58065.7,58065.70017,9,58065.7,52.2018383,-2.2015425,18.551,83.021,77.61,-0.17,0.1,0,18.68,19.07,18.61,19.05,4.200012,18.81,0.0397799,0.01937985,0,2,3,1714,89,0,0.07000732,0,13.7,14.25,9,52.201836,-2.201769,131.48,3.89,2,90.45,23 / 24,13941610,2020-01-08 16:07:45:204,0.9259,1.8828,9.0043,0.0092,0.0377,9.8065,0.0348,-0.1555,0.0368,-19.12,-35.31,3.5,288.18,-86.27,-167.26
58065.8,58065.79917,9,58065.8,52.2018388,-2.2015347,19.13,82.908,77.59,-0.17,0.1,0,18.96,19.27,19.03,19.3,3.300018,19.03,0.04997993,0,0,2,3,1728,89,0,-0.1600037,0,13.7,14.25,9,52.201836,-2.201769,131.48,3.89,2,90.45,23 / 24,13941709,2020-01-08 16:07:45:303,0.9511,0.726,10.7165,-0.0005,-0.021,9.8065,0.0607,-0.0614,0.1,-18.69,-35.56,3.31,287.79,-86.26,-164.46
58065.9,58065.90017,9,58065.9,52.2018394,-2.2015268,19.346,82.655,77.56,-0.18,0.1,2,19.32,19.46999,19.32,19.45,1.600006,19.32,0.04997993,-0.01938009,0,2,3,1729,89,0,-0.1600037,0,13.6,14.25,2,52.201836,-2.201769,131.48,3.89,2,90.45,23 / 24,13941810,2020-01-08 16:07:45:404,0.6837,1.7307,9.3891,0.0148,-0.0395,9.8066,-0.0548,-0.0783,0.1725,-18.56,-35.25,2.81,289.58,-86.22,-162.85
58066,58065.99917,9,58066,52.20184,-2.201519,19.458,82.89,77.54,-0.18,0.1,4.5,19.61,19.71,19.59,19.64,1,19.6,0.02957988,-0.02958012,0,2,3,1735,89,0,0.07000732,0,13.7,14.25,0,52.201836,-2.201769,131.48,3.89,2,90.45,23 / 24,13941909,2020-01-08 16:07:45:503,0.2007,-1.9393,9.1784,-0.0271,-0.0441,9.8064,-0.0347,-0.1632,0.1651,-19.69,-35.81,2.88,290.93,-86.24,-161.28
58066.1,58066.10017,9,58066.1,52.2018405,-2.2015109,19.876,83.11,77.52,-0.18,0.1,4.799988,19.71,19.98,19.96999,19.79,0.8000183,19.82,0.01937985,-0.009180069,0,2,3,1752,89,0,-0.1600037,0,13.7,14.25,0,52.201836,-2.201769,131.48,3.89,2,90.45,23 / 24,13942010,2020-01-08 16:07:45:604,0.4811,0.9014,8.9714,0.0021,-0.054,9.8065,-0.141,-0.0997,0.1119,-18.94,-35.12,2.63,299.79,-86.22,-153.15
58066.2,58066.20017,9,58066.2,52.201841,-2.2015028,19.976,83.608,77.5,-0.18,0.1,6.5,20,20.04,20.2,19.89999,0.3000183,19.98,0.009180069,0,0,2,3,1765,89,0,-0.1600037,0,13.7,14.25,0,52.201836,-2.201769,131.48,3.89,2,90.45,23 / 24,13942110,2020-01-08 16:07:45:704,0.0172,-3.1347,9.7442,-0.0262,-0.0372,9.8065,-0.0556,-0.2771,0.2474,-19,-34.25,2.25,297.3,-86.29,-152.78
58066.3,58066.30117,9,58066.3,52.2018416,-2.2014946,20.03,83.262,77.47,-0.19,0.1,12,20.21999,20.25,20.2,20.06,-0.2999878,20.21,0,0.01937985,0,2,3,1769,89,0,0.07000732,0,13.7,14.25,0,52.201836,-2.201769,131.48,3.89,2,90.45,23 / 24,13942211,2020-01-08 16:07:45:805,0.4723,0.7587,10.6694,0.0096,0.0312,9.8065,-0.0864,0.0212,-0.0249,-19.44,-34.37,2.81,303.72,-86.31,-149.76
58066.4,58066.40017,9,58066.4,52.2018422,-2.2014865,20.07,82.318,77.44,-0.2,0.1,14.89996,20.38,20.31,20.32999,20.24,-0.2999878,20.3,0,-0.01938009,0,3,3,1750,89,0,0.07000732,0,13.6,14.25,0,52.201836,-2.201769,131.48,3.89,2,90.45,23 / 23,13942310,2020-01-08 16:07:45:904,0.9714,-0.2855,10.9212,-0.0083,0.0462,9.8065,0.1063,-0.2149,0.1281,-19.12,-35.06,2.31,296.59,-86.64,-153.86
58066.5,58066.50017,9,58066.5,52.2018428,-2.2014783,20.207,83.203,77.42,-0.2,0.1,14.59998,20.41,20.25,20.46,20.29,-0.7999878,20.36,-0.009180069,-0.01938009,0,3,3,1714,89,0,0.07000732,0,13.8,14.25,0,52.201836,-2.201769,131.48,3.89,2,90.45,23 / 23,13942410,2020-01-08 16:07:46:004,-0.5962,2.3595,9.0915,0.0083,0.0547,9.8065,-0.0602,-0.177,0.3415,-19.06,-34.62,1.13,294.16,-86.63,-153.15
58066.6,58066.59917,9,58066.6,52.2018433,-2.2014701,20.246,83.453,77.41,-0.18,0.1,12.39996,20.57,20.50999,20.50999,20.13,-0.2999878,20.32,-0.02958012,-0.03978014,0,3,3,1636,89,0,0.07000732,0,13.7,14.25,0,52.201836,-2.201769,131.48,3.89,2,90.45,23 / 23,13942509,2020-01-08 16:07:46:103,0.3753,-2.1055,9.7694,-0.009,0.01,9.8066,0.051,-0.2211,-0.0039,-19,-34.37,2.25,296.61,-86.49,-153.77
58066.7,58066.70017,9,58066.7,52.2018438,-2.2014619,20.178,84.156,77.39,-0.18,0.1,9.899963,20.45,20.38,20.38,20.24,-0.5,20.41,-0.01938009,0.009180069,0,3,3,1565,89,0,-0.1600037,0,13.7,14.25,0.5,52.201836,-2.201769,131.48,3.89,2,90.45,23 / 23,13942610,2020-01-08 16:07:46:204,-0.3436,0.1166,9.8932,0.0367,-0.0035,9.8066,-0.0646,-0.2516,0.0256,-19.37,-34.5,1.88,293.69,-86.17,-156.01
58066.8,58066.80017,9,58066.8,52.2018443,-2.2014536,20.549,83.757,77.36,-0.2,0.1,9.799988,20.39,20.32999,20.62,20.36,0,20.37,-0.009180069,0.02957988,0,3,3,1497,89,0,-0.1600037,0,13.7,14.25,0.5,52.201836,-2.201769,131.48,3.89,2,90.45,23 / 23,13942710,2020-01-08 16:07:46:304,-1.7611,-2.0101,7.8802,0.0432,0.054,9.8063,-0.1287,-0.097,0.1602,-18.75,-34.94,1.88,291.08,-86.02,-158.05
58066.9,58066.90017,9,58066.9,52.2018449,-2.2014452,20.617,83.689,77.35,-0.18,0.1,9.799988,20.48,20.41,20.32999,20.16,-0.2999878,20.47,-0.009180069,0.02957988,0,3,3,1404,89,0,0.07000732,0,13.8,14.25,0.5,52.201836,-2.201769,131.48,3.89,2,90.45,23 / 23,13942810,2020-01-08 16:07:46:404,0.161,0.4883,8.8612,0.0014,0.0377,9.8066,0.1229,-0.0853,-0.0069,-19.06,-34.19,2.75,292.39,-85.93,-159.85
58067,58067.00017,9,58067,52.2018454,-2.2014368,20.768,83.282,77.32,-0.19,0.1,9.599976,20.39999,20.50999,20.61,20.64999,0,20.5,-0.01938009,0.009180069,0,3,3,1310,89,0,0.07000732,0,13.8,14.25,0.5,52.201836,-2.201769,131.48,3.89,2,90.45,23 / 23,13942910,2020-01-08 16:07:46:504,-0.2742,-0.4675,9.1353,0.0242,0.0105,9.8066,-0.0394,-0.0864,-0.0396,-18.87,-35.37,2.63,284.35,-85.87,-167.28
58067.1,58067.10017,9,58067.1,52.201846,-2.2014285,20.606,83.185,77.31,-0.16,0.1,8.599976,20.57,20.64,20.71,20.61,0.1000061,20.57,-0.009180069,0,0,3,3,1221,89,0,-0.1600037,0,13.7,14.25,0.5,52.201836,-2.201769,131.48,3.89,2,90.45,23 / 23,13943010,2020-01-08 16:07:46:604,0.2958,0.9625,9.9825,-0.0214,-0.0032,9.8066,0.0428,0.0748,0.0029,-18.19,-35.06,2.19,279.81,-85.99,-168.84
58067.2,58067.19917,9,58067.2,52.2018465,-2.2014201,20.646,83.749,77.3,-0.16,0.1,7.399963,20.74,20.75,20.73,20.59,-0.1000061,20.71,-0.009180069,0.009180069,0,3,3,1178,89,0,-0.1600037,0,13.7,14.25,0.5,52.201836,-2.201769,131.48,3.89,2,90.45,23 / 23,13943109,2020-01-08 16:07:46:703,0.2506,-0.284,10.4771,-0.0083,-0.0068,9.8066,-0.0076,-0.033,0.0373,-18.5,-34.69,2.69,285.72,-86.12,-166.53
58067.3,58067.30017,9,58067.3,52.2018471,-2.2014117,20.65,83.392,77.26,-0.18,0.1,6.599976,20.86,20.87,20.82999,20.71,0.3000183,20.78,-0.009180069,0,0,3,3,1198,89,0,0.07000732,0,13.7,14.25,0.5,52.201836,-2.201769,131.48,3.89,2,90.45,23 / 23,13943210,2020-01-08 16:07:46:804,-0.1074,1.6104,9.4075,-0.0064,-0.0269,9.8065,-0.0219,0.2514,-0.194,-18.25,-35.44,2.25,286.76,-86.32,-162.72
58067.4,58067.40017,9,58067.4,52.2018476,-2.2014033,20.747,84.187,77.24,-0.18,0.1,5.899963,20.86,20.82999,20.96,20.85,0.2000122,20.85,0,0.02957988,0,3,3,1237,89,0,-0.1600037,0,13.7,14.25,0.5,52.201836,-2.201769,131.48,3.89,2,90.45,23 / 23,13943310,2020-01-08 16:07:46:904,-0.0199,0.3813,9.8586,-0.0099,0.0171,9.8066,-0.0001,0.073,-0.0312,-18.81,-35.94,2.13,282.65,-86.45,-166.79
58067.5,58067.50017,9,58067.5,52.2018481,-2.2013947,21.053,84.02,77.22,-0.18,0.1,5.700012,21.00999,21.03,21,20.89,0.3999939,20.93,0,0.04997993,0,3,3,1255,89,0,0.07000732,0,13.7,14.25,0.5,52.201836,-2.201769,131.48,3.89,2,90.45,23 / 23,13943410,2020-01-08 16:07:47:004,0.0114,-1.4554,10.0538,0.0056,0.0084,9.8066,0.0135,0.1818,-0.0689,-18.44,-35.44,2.13,280.81,-86.39,-168.63
58067.6,58067.60017,9,58067.6,52.2018487,-2.2013862,21.06,83.03,77.19,-0.19,0.1,5.299988,21.05,21.12,20.98,21.00999,0.3000183,21.08,0,0.01937985,0,3,3,1248,89,0,-0.1600037,0,13.8,14.25,0.5,52.201836,-2.201769,131.48,3.89,2,90.45,23 / 23,13943510,2020-01-08 16:07:47:104,0.4917,-0.1294,9.4953,0.013,0.0012,9.8066,-0.0471,0.0479,-0.1381,-18.25,-35.5,3.06,279.12,-86.29,-173.27
58067.7,58067.70017,9,58067.7,52.2018493,-2.2013777,21.067,82.984,77.17,-0.19,0.1,5.399963,21.13,21.17,21.09,21.24,0.8000183,21.19,0,0.009180069,0,3,3,1238,89,0,-0.1600037,0,13.8,14.25,0.5,52.201836,-2.201769,131.48,3.89,2,90.45,23 / 23,13943610,2020-01-08 16:07:47:204,0.3247,-0.6992,10.0418,-0.0044,-0.0163,9.8066,0.0378,-0.0522,-0.021,-17.87,-35.81,2.75,275.57,-86.32,-176.63
58067.8,58067.80017,9,58067.8,52.2018499,-2.2013691,21.154,83.689,77.15,-0.19,0.1,5.099976,21.23,21.27,21.43,21.31,0.7000122,21.23,0,0.009180069,0,3,3,1243,89,0,0.07000732,0,13.8,14.25,0.5,52.201836,-2.201769,131.48,3.89,2,90.45,23 / 23,13943710,2020-01-08 16:07:47:304,-0.4082,-0.701,10.2956,-0.0079,-0.0047,9.8066,0.0334,0.0083,0.0286,-18.31,-34.75,2.44,274.28,-86.34,-174.96
58067.9,58067.90017,9,58067.9,52.2018504,-2.2013604,21.409,84,77.13,-0.18,0.1,4.200012,21.36,21.38,21.39,21.31,-0.2999878,21.39,0,0.0397799,0,3,3,1242,89,0,-0.1600037,0,13.8,14.25,0.5,52.201836,-2.201769,131.48,3.89,2,90.45,23 / 23,13943810,2020-01-08 16:07:47:404,-0.3568,-0.7173,9.7909,0.0077,0.0017,9.8066,-0.0267,0.0029,-0.0301,-18.19,-35.5,3.38,277.23,-86.2,-174.95
58068,58067.99917,9,58068,52.201851,-2.2013518,21.287,82.863,77.1,-0.2,0.1,4.099976,21.43,21.5,21.39,21.43999,0.5,21.46,0,0.0397799,0,3,3,1234,89,0,-0.1600037,0,13.8,14.25,0.5,52.201836,-2.201769,131.48,3.89,2,90.45,23 / 23,13943909,2020-01-08 16:07:47:503,-0.1162,0.6699,9.9679,-0.0028,0.0028,9.8066,0.0265,0.129,-0.0672,-18.69,-35.69,2.94,274.92,-86.24,-177
58068.1,58068.10017,9,58068.1,52.2018516,-2.2013431,21.517,83.342,77.09,-0.18,0.1,3.799988,21.43999,21.57,21.55,21.45,0.6000061,21.49,0,0.01937985,0,3,3,1236,89,0,-0.1600037,0,13.7,14.25,0.5,52.201836,-2.201769,131.48,3.89,2,90.45,23 / 23,13944010,2020-01-08 16:07:47:604,-0.0896,-0.1848,9.3262,-0.0048,0.0083,9.8066,0.0419,0.0784,-0.026,-18.75,-35.62,3.19,272.62,-86.23,-179.28
58068.2,58068.20017,9,58068.2,52.2018522,-2.2013342,21.769,83.53,77.07,-0.19,0.1,1,21.64999,21.73,21.73,21.61,0.6000061,21.64,0,0.02957988,0,3,3,1242,89,0,-0.1600037,0,13.7,14.25,0.5,52.201836,-2.201769,131.48,3.89,2,90.45,23 / 23,13944110,2020-01-08 16:07:47:704,0.4799,-0.0605,9.727,-0.0127,-0.0222,9.8065,0.0452,0.107,-0.1253,-18.69,-35.75,3.13,272.09,-86.28,-179.89
58068.3,58068.30017,9,58068.3,52.2018528,-2.2013254,21.791,83.324,77.04,-0.2,0.1,0,21.68,21.82999,21.79,21.79,0.8999939,21.76,-0.009180069,0.07956004,0,3,3,1239,89,0,0.07000732,0,13.8,14.25,0.5,52.201836,-2.201769,131.48,3.89,2,90.45,23 / 23,13944210,2020-01-08 16:07:47:804,-0.5094,-1.9235,9.8152,-0.0046,-0.0051,9.8066,0.0044,0.0984,-0.0214,-18.62,-36,3.31,269.67,-86.26,177.73
58068.4,58068.40017,9,58068.4,52.2018534,-2.2013165,21.82,83.393,77.03,-0.18,0.1,0,21.81,22,21.86,21.96,1.899994,21.88,-0.009180069,0.08976007,0,3,3,1246,89,0,0.07000732,0,13.7,14.25,0.5,52.201836,-2.201769,131.48,3.89,2,90.45,24 / 24,13944310,2020-01-08 16:07:47:904,-0.8242,0.0365,10.0999,-0.0085,-0.018,9.8066,-0.0656,0.1674,-0.153,-18.94,-36,2.63,269.02,-86.34,176.91
58068.5,58068.50017,9,58068.5,52.2018541,-2.2013078,21.719,82.434,77,-0.19,0.1,0,21.82,22.1,21.89999,22.02,3,21.99,-0.009180069,0.08976007,0,3,3,1239,89,0,-0.1600037,0,13.7,14.25,0.5,52.201836,-2.201769,131.48,3.89,2,90.45,24 / 24,13944410,2020-01-08 16:07:48:004,0.7658,0.5888,10.0877,0.0013,0.0127,9.8066,0.0358,-0.0563,0.016,-18.75,-35.56,3,263.71,-86.35,171.55
58068.6,58068.60017,9,58068.6,52.2018548,-2.2012989,21.931,82.456,76.97,-0.2,0.1,0,21.87,22.13,21.86,22.1,3.200012,22.02,-0.009180069,0.08976007,0,3,3,1246,89,0,-0.1600037,0,13.7,14.25,1.5,52.201836,-2.201769,131.48,3.89,2,90.45,24 / 24,13944510,2020-01-08 16:07:48:104,-1.0798,1.9796,9.1412,0.0271,-0.0195,9.8065,-0.0704,0.0989,-0.0685,-18.62,-35.81,2.13,261.09,-86.19,172.18
58068.7,58068.70017,9,58068.7,52.2018555,-2.20129,22.097,82.2,76.95,-0.19,0.1,0,21.87,22.23,22.06,22.16,3.100006,22.08,-0.009180069,0.08976007,0,3,3,1234,89,0,0.07000732,0,13.7,14.25,1.5,52.201836,-2.201769,131.48,3.89,2,90.45,24 / 24,13944610,2020-01-08 16:07:48:204,-0.2562,-0.5339,9.6268,0.004,0.0245,9.8066,0.0757,-0.1414,0.0839,-17.81,-35.56,2.31,259.06,-86.17,170.2
58068.8,58068.79917,9,58068.8,52.2018563,-2.2012809,22.313,81.731,76.92,-0.21,0.1,0,21.84,22.18,22.06,22.31,3.399994,22.08,-0.01938009,0.08976007,0,3,3,1201,89,0,0.07000732,0,13.8,14.25,1.5,52.201836,-2.201769,131.48,3.89,2,90.45,24 / 24,13944709,2020-01-08 16:07:48:303,1.7189,-2.1227,10.7645,0.0145,0.0012,9.8066,0.0703,-0.0154,0.0235,-17.62,-34.87,2.94,259.87,-85.97,168.02
58068.9,58068.89917,9,58068.9,52.2018571,-2.201272,22.212,81.37,76.91,-0.2,0.1,0,21.98,22.31,22.04,22.27,3.700012,22.15,-0.02958012,0.06936002,0,3,3,1218,89,0,-0.1600037,0,13.8,14.25,2,52.201836,-2.201769,131.48,3.89,2,90.45,24 / 24,13944809,2020-01-08 16:07:48:403,0.4921,-0.439,10.0603,-0.0321,0.0374,9.8065,0.1072,-0.1809,0.1513,-18.44,-35.81,2.81,259.3,-85.91,167.77
58069,58069.00017,9,58069,52.2018579,-2.2012632,21.996,81.392,76.88,-0.2,0.1,0,21.93,22.32999,22.12,22.29,3.300018,22.18,-0.02958012,0.07956004,0,3,3,1253,89,0,-0.1600037,0,13.8,14.25,3.5,52.201836,-2.201769,131.48,3.89,2,90.45,24 / 24,13944910,2020-01-08 16:07:48:504,0.2528,-1.4555,11.3884,-0.038,0.0084,9.8065,0.1246,-0.1576,0.1336,-17.94,-35.31,1.81,254.42,-86.09,165.36
58069.1,58069.09917,9,58069.1,52.2018587,-2.2012542,22.284,80.988,76.86,-0.2,0.1,0,22.12,22.43,22.04,22.2,3.600006,22.22,-0.01938009,0.08976007,0,3,3,1283,89,0,0.07000732,0,13.7,14.25,3.5,52.201836,-2.201769,131.48,3.89,2,90.45,24 / 24,13945009,2020-01-08 16:07:48:603,-0.1173,1.9169,9.8282,-0.0026,0.0347,9.8066,-0.0216,-0.0841,0.1116,-17.94,-34.87,2.38,253.86,-86.09,164.77
58069.2,58069.20017,9,58069.2,52.2018596,-2.2012452,22.36,80.668,76.84,-0.2,0.1,0,22.17,22.48,22.13,22.42,3.399994,22.22,-0.009180069,0.08976007,0,3,3,1302,89,0,-0.1600037,0,13.7,13.5,3.5,52.201836,-2.201769,131.48,3.89,2,90.45,24 / 24,13945110,2020-01-08 16:07:48:704,-0.2624,0.0743,10.1261,-0.0148,0.0235,9.8066,0.0086,-0.1687,0.0988,-18.44,-35.94,2.31,253.26,-86.08,164.37
58069.3,58069.30017,9,58069.3,52.2018607,-2.2012364,22.043,79.144,76.82,-0.19,0.1,0,22.18999,22.52,22.2,22.37,3.5,22.36,0,0.07956004,0,3,3,1297,89,0,0.07000732,0,13.7,13.5,3.5,52.201836,-2.201769,131.48,3.89,2,90.45,24 / 24,13945210,2020-01-08 16:07:48:804,0.6046,2.2656,9.7543,0.0185,0.023,9.8065,-0.0588,0.0483,0.0039,-18.37,-35.62,1.56,254.19,-86.08,165.35
58069.4,58069.39917,9,58069.4,52.2018616,-2.2012273,22.547,79.822,76.79,-0.21,0.1,0,22.24,22.75,22.27,22.63,3.5,22.43,0,0.08976007,0,3,3,1279,89,0,0.07000732,0,13.8,13.5,2,52.201836,-2.201769,131.48,3.89,2,90.45,23 / 24,13945309,2020-01-08 16:07:48:903,0.3406,-1.3125,9.4912,0.0183,0.0277,9.8066,-0.0132,-0.1657,0.1445,-18.06,-35.25,2.06,252.17,-85.82,163.52
58069.5,58069.49917,9,58069.5,52.2018626,-2.2012183,22.594,79.654,76.78,-0.19,0.1,0,22.48,22.55,22.50999,22.73,3.800018,22.57,0,0.05915999,0,3,3,1271,89,0,-0.1600037,0,13.8,13.5,0,52.201836,-2.201769,131.48,3.89,2,90.45,23 / 24,13945409,2020-01-08 16:07:49:003,0.519,1.8719,9.8375,0.0233,0.0066,9.8066,-0.0073,-0.0111,0.0324,-18.25,-35.06,1.5,253.11,-85.76,164.61
58069.6,58069.60017,9,58069.6,52.2018637,-2.2012092,22.558,79.409,76.75,-0.2,0.1,0,22.52,22.71999,22.64,22.71999,3.700012,22.58,0,0.07956004,0,3,3,1287,89,0,0.07000732,0,13.8,13.5,0,52.201836,-2.201769,131.48,3.89,2,90.45,23 / 24,13945510,2020-01-08 16:07:49:104,0.1604,-2.7207,9.4678,-0.0107,0.0453,9.8065,-0.0433,-0.3091,0.2285,-18,-35.12,0.5,249.49,-85.77,163.99
58069.7,58069.70017,9,58069.7,52.2018648,-2.2012001,22.802,78.619,76.73,-0.2,0.1,0,22.52,22.87,22.57,22.79,3.399994,22.75,-0.009180069,0.09995985,0,3,3,1294,89,0,0.07000732,0,13.7,13.5,0,52.201836,-2.201769,131.48,3.89,2,90.45,23 / 24,13945610,2020-01-08 16:07:49:204,-0.2162,-1.4937,10.3211,-0.0062,-0.0029,9.8066,-0.1105,0.4738,-0.2113,-17.69,-34.19,1.38,252.09,-85.87,166.31
58069.8,58069.79917,9,58069.8,52.2018659,-2.201191,22.846,78.495,76.72,-0.19,0.1,0,22.74,23.00999,22.63,23.02,3.200012,22.8,-0.009180069,0.13974,0,3,3,1307,89,0,0.07000732,0,13.7,13.5,0,52.201836,-2.201769,131.48,3.89,2,90.45,23 / 24,13945709,2020-01-08 16:07:49:303,0.2175,-4.515,9.3731,-0.0051,0.0254,9.8065,-0.0126,-0.0184,-0.1437,-17.75,-34.75,0.63,248.58,-85.95,162.71
58069.9,58069.90017,9,58069.9,52.2018672,-2.201182,22.648,76.863,76.68,-0.21,0.1,0,22.75,23.07,22.67,23.14999,3.800018,22.87,-0.009180069,0.08976007,0,3,3,1300,89,0,-0.1600037,0,13.7,13.5,0,52.201836,-2.201769,131.48,3.89,2,90.45,23 / 24,13945810,2020-01-08 16:07:49:404,-0.5312,1.1916,10.8643,0.0192,-0.0895,9.8061,0.0009,0.6332,-0.6161,-17.56,-34.87,0.5,242.79,-85.91,156.65
58070,58070.00017,9,58070,52.2018684,-2.2011729,22.979,77.111,76.66,-0.2,0.1,0,22.8,23.07999,22.75,23.13,4,22.97,-0.009180069,0.05915999,0,3,3,1296,89,0,-0.1600037,0,13.8,13.5,0,52.201836,-2.201769,131.48,3.89,2,90.45,23 / 24,13945910,2020-01-08 16:07:49:504,-0.3748,5.5226,10.5262,0.0126,0.0459,9.8065,-0.0205,0.2309,0.1652,-17.31,-35.06,0.06,240.47,-85.8,157.97
58070.1,58070.10017,9,58070.1,52.2018697,-2.2011637,22.993,77.304,76.64,-0.2,0.1,0,22.8,23.16,22.89,23.02,3.800018,23.08,-0.009180069,0.0397799,0,3,3,1285,89,0,0.07000732,0,13.8,13.5,0,52.201836,-2.201769,131.48,3.89,2,90.45,23 / 24,13946010,2020-01-08 16:07:49:604,1.2377,2.4991,11.3459,-0.0091,-0.0659,9.8063,0.1204,0.874,-0.2102,-17.94,-35.25,-0.56,248.73,-85.99,169.15
58070.2,58070.20017,9,58070.2,52.2018709,-2.2011546,22.889,77.099,76.61,-0.21,0.1,0,22.89,23.09,22.95,23.03,2.899994,22.99,-0.009180069,0.1091399,0,3,3,1289,89,0,-0.1600037,0,13.7,13.5,0,52.201836,-2.201769,131.48,3.89,2,90.45,23 / 24,13946110,2020-01-08 16:07:49:704,-1.2752,2.6243,8.5248,0.0183,-0.0762,9.8063,-0.0336,0.2803,-0.4026,-17.75,-35.25,-0.12,252.26,-85.92,169.8
58070.3,58070.29917,9,58070.3,52.2018723,-2.2011455,23.159,76.192,76.61,-0.19,0.1,0,22.89999,23.23,23.05,23.23,3.399994,23.11,-0.02958012,0.07956004,0,3,3,1293,89,0,-0.1600037,0,13.7,13.5,0,52.201836,-2.201769,131.48,3.89,2,90.45,23 / 24,13946209,2020-01-08 16:07:49:803,-0.9557,-4.5319,9.9698,-0.0038,-0.0792,9.8062,0.0292,0.4883,-0.3415,-17.87,-35.25,0.5,250.1,-85.72,164.71
58070.4,58070.40017,9,58070.4,52.2018736,-2.2011363,23.148,76.165,76.58,-0.19,0.1,0,22.89999,23.18,22.92,23.16,3,23.08,-0.01938009,0.05915999,0,3,3,1292,89,0,0.07000732,0,13.7,13.5,0,52.201836,-2.201769,131.48,3.89,2,90.45,23 / 24,13946310,2020-01-08 16:07:49:904,-1.3212,2.2987,9.2039,-0.0026,-0.0011,9.8066,0.0378,0.4217,-0.1142,-17.44,-35.12,0.25,249.1,-85.76,167.24
58070.5,58070.50017,9,58070.5,52.2018751,-2.2011273,22.957,75.421,76.56,-0.19,0.1,0,22.93999,23.16,23.04,23.07,2.300018,23,-0.009180069,0.02957988,0,3,3,1294,89,0,0.07000732,0,13.7,13.5,0,52.201836,-2.201769,131.48,3.89,2,90.45,23 / 24,13946410,2020-01-08 16:07:50:004,-1.24,-2.8642,10.6381,-0.0078,-0.0409,9.8065,0.1436,0.1863,-0.1852,-17.94,-34.31,0.13,249.78,-85.75,167.29
58070.6,58070.60017,9,58070.6,52.2018765,-2.2011182,23.069,75.435,76.55,-0.18,0.1,0.5,22.96,23.18999,22.89999,23.11,1.700012,23.05,-0.009180069,0.02957988,0,3,3,1278,89,0,-0.1600037,0,13.8,13.5,0,52.201836,-2.201769,131.48,3.89,2,90.45,23 / 24,13946510,2020-01-08 16:07:50:104,0.2686,2.1464,10.5106,-0.0022,-0.0534,9.8065,0.0461,0.2099,-0.1141,-17.62,-35.37,0.44,251.56,-85.73,169.42
58070.7,58070.69917,9,58070.7,52.2018778,-2.201109,23.224,75.896,76.53,-0.18,0.1,2.599976,22.93,23.1,23.07999,23.04,1.300018,23.05,-0.01938009,0.02957988,0,3,3,1276,89,0,-0.1600037,0,13.8,13.5,0,52.201836,-2.201769,131.48,3.89,2,90.45,23 / 24,13946609,2020-01-08 16:07:50:203,-0.2822,-1.4899,9.9719,-0.0257,-0.0324,9.8065,0.0867,0.0804,0.0129,-18.06,-35.69,-0.19,254.38,-85.77,172.52
58070.8,58070.80017,9,58070.8,52.2018793,-2.2010998,23.18,75.469,76.5,-0.19,0.1,4.899963,23.07,23.14999,23.17,23.05,0.7000122,23.06,-0.01938009,0.04997993,0,3,3,1274,89,0,-0.1600037,0,13.8,13.5,0,52.201836,-2.201769,131.48,3.89,2,90.45,23 / 24,13946710,2020-01-08 16:07:50:304,-0.5825,1.4997,9.9301,-0.0087,-0.0391,9.8065,0.0593,0.1671,-0.1689,-17.81,-35.5,-0.19,256,-85.79,173.95
58070.9,58070.90017,9,58070.9,52.2018807,-2.2010907,23.195,75.2,76.48,-0.19,0.1,7.399963,23.12,23.14999,23.07999,23.14,0.2000122,23.14,-0.01938009,0.02957988,0,3,3,1267,89,0,0.07000732,0,13.7,13.5,0,52.201836,-2.201769,131.48,3.89,2,90.45,23 / 24,13946810,2020-01-08 16:07:50:404,-0.1009,0.2333,9.6697,-0.0151,0.0001,9.8066,0.0464,-0.0326,-0.0101,-17.44,-35.31,0.38,253.85,-85.68,172.4
58071,58071.00017,9,58071,52.2018822,-2.2010815,23.166,75.293,76.47,-0.17,0.1,8,23.16,23.21,23.17,22.99,0,23.15,-0.01938009,0.01937985,0,3,3,1270,89,0,-0.1600037,0,13.7,13.5,0,52.201836,-2.201769,131.48,3.89,2,90.45,23 / 24,13946910,2020-01-08 16:07:50:504,-0.5597,0.306,9.77,-0.007,-0.0037,9.8066,-0.0413,-0.0607,-0.0031,-17.69,-35.69,-0.25,253.31,-85.77,171.41
58071.1,58071.10017,9,58071.1,52.2018837,-2.2010724,23.09,74.604,76.43,-0.2,0.1,9.599976,23.18999,23.14999,23.24,23.06,-0.1000061,23.14,-0.01938009,0.02957988,0,3,3,1267,89,0,0.07000732,0,13.7,13.5,0,52.201836,-2.201769,131.48,3.89,2,90.45,23 / 24,13947010,2020-01-08 16:07:50:604,-0.5692,0.8509,10.0208,-0.008,-0.0051,9.8066,0.0029,0.0354,0.0124,-17.94,-34.81,-0.25,253.95,-85.85,171.7
58071.2,58071.20017,9,58071.2,52.2018851,-2.2010633,23.087,75.52,76.42,-0.18,0.1,10.70001,23.14,23.14999,23.17,23.21,-0.2999878,23.18,-0.01938009,0.02957988,0,3,3,1263,89,0,-0.1600037,0,13.8,13.5,0,52.201836,-2.201769,131.48,3.89,2,90.45,23 / 24,13947110,2020-01-08 16:07:50:704,0.0181,-0.3839,9.5835,0.0129,0.0064,9.8066,-0.0426,-0.1278,0.07,-17.62,-35.62,-0.06,254.69,-85.91,172.57
58071.3,58071.29917,9,58071.3,52.2018866,-2.2010541,23.418,74.987,76.4,-0.19,0.1,12.39996,23.17,23.14,23.3,23.07999,-0.3999939,23.17,-0.009180069,0.01937985,0,3,3,1267,89,0,0.07000732,0,13.8,13.5,0,52.201836,-2.201769,131.48,3.89,2,90.45,23 / 24,13947209,2020-01-08 16:07:50:803,0.1968,1.2163,10.2267,0.0028,-0.0215,9.8066,0.0955,0.1056,-0.1149,-17.87,-35.87,-0.12,257.43,-85.87,175.49
58071.4,58071.40117,9,58071.4,52.201888,-2.201045,23.094,75.424,76.38,-0.18,0.1,12.89996,23.3,23.14,23.25999,23.17,-0.3999939,23.26,-0.01938009,0.01937985,0,3,3,1261,89,0,0.07000732,0,13.8,13.5,0,52.201836,-2.201769,131.48,3.89,2,90.45,24 / 25,13947311,2020-01-08 16:07:50:905,-0.1719,0.2275,9.0192,-0.0081,0.0167,9.8066,-0.1035,0.0572,0.0299,-17.75,-34.94,-0.44,255.91,-85.81,173.81
58071.5,58071.50017,9,58071.5,52.2018894,-2.2010357,23.368,75.191,76.36,-0.18,0.1,13.09998,23.24,23.17,23.32,23.18,-0.3999939,23.24,-0.01938009,0.009180069,0,3,3,1251,89,0,0.07000732,0,13.8,13.5,0,52.20188,-2.201058,132.11,6.55,2,75.55,24 / 25,13947410,2020-01-08 16:07:51:004,-0.3835,0.6731,9.7717,0.0191,0.0114,9.8066,-0.0529,0.0501,-0.0075,-17.44,-35.06,-0.5,257.89,-85.98,175.99
58071.6,58071.60017,9,58071.6,52.2018908,-2.2010265,23.321,75.678,76.33,-0.19,0.1,13,23.32999,23.25999,23.41,23.14,-0.6999817,23.26,-0.01938009,0.01937985,0,3,3,1252,89,0,-0.1600037,0,13.8,13.5,0,52.20188,-2.201058,132.11,6.55,2,75.55,24 / 25,13947510,2020-01-08 16:07:51:104,-0.0113,-0.7312,10.4088,-0.0102,-0.0021,9.8066,0.0519,-0.0163,0.055,-18.25,-35.56,-0.75,257.49,-86.09,178.3
58071.7,58071.70017,9,58071.7,52.2018922,-2.2010173,23.299,75.8,76.31,-0.2,0.1,13.39996,23.5,23.36,23.39999,23.21999,-0.7999878,23.35,-0.02958012,0.01937985,0,3,3,1251,89,0,0.07000732,0,13.8,13.5,0,52.20188,-2.201058,132.11,6.55,2,75.55,24 / 25,13947610,2020-01-08 16:07:51:204,-0.9062,2.074,9.822,-0.0022,-0.0377,9.8065,0.0664,0.2827,-0.1937,-17.75,-35.62,-1,260.02,-86.1,-179.12
58071.8,58071.80017,9,58071.8,52.2018937,-2.201008,23.35,75.666,76.29,-0.19,0.1,14.09998,23.39,23.38,23.39999,23.42,-1,23.34,-0.01938009,0.009180069,0,3,3,1253,89,0,-0.1600037,0,13.7,13.5,0,52.20188,-2.201058,132.11,6.55,2,75.55,24 / 25,13947710,2020-01-08 16:07:51:304,-0.4533,-2.1807,10.0368,-0.0224,-0.0326,9.8065,-0.0113,0.0851,-0.0873,-18.19,-36.44,-1,257.41,-86.07,178.26
58071.9,58071.90017,9,58071.9,52.2018951,-2.2009989,23.112,75.39,76.26,-0.2,0.1,15.09998,23.39,23.39,23.37,23.24,-0.3999939,23.37,-0.01938009,0,0,3,3,1255,89,0,-0.1600037,0,13.8,13.5,0,52.20188,-2.201058,132.11,6.55,2,75.55,24 / 25,13947810,2020-01-08 16:07:51:404,-0.5512,2.0513,10.4212,0.0152,-0.0525,9.8065,0.0634,0.3071,-0.1845,-17.81,-36.12,-1,260.68,-86.19,-178.61
58072,58072.00017,9,58072,52.2018965,-2.2009896,23.468,75.868,76.24,-0.2,0.1,16.29999,23.41,23.32,23.43999,23.21,-1,23.37,-0.009180069,0,0,3,3,1251,89,0,0.07000732,0,13.8,13.5,0,52.20188,-2.201058,132.11,6.55,2,75.55,24 / 25,13947910,2020-01-08 16:07:51:504,0.5904,-2.4767,9.5295,0.0048,-0.0182,9.8065,0.0135,-0.1322,0.068,-18.19,-35.44,0.31,262.3,-85.93,-179.83
58072.1,58072.10017,9,58072.1,52.2018978,-2.2009803,23.49,76.281,76.22,-0.2,0.1,19.89996,23.37,23.29,23.50999,23.21,-1.299988,23.32,-0.01938009,0,0,3,3,1254,89,0,-0.1600037,0,13.8,13.5,0,52.20188,-2.201058,132.11,6.55,2,75.55,24 / 25,13948010,2020-01-08 16:07:51:604,0.4421,-0.0011,9.7897,0.0035,-0.0374,9.8065,0.0997,0.1627,-0.0935,-17.87,-36.19,0.44,264.91,-85.8,-176.69
58072.2,58072.20017,9,58072.2,52.2018993,-2.2009711,23.26,75.583,76.2,-0.19,0.1,22.79999,23.52,23.29,23.62,23.34,-1.799988,23.32,-0.01938009,-0.01938009,0,3,3,1260,89,0,0.07998657,0,13.8,13.5,0,52.20188,-2.201058,132.11,6.55,2,75.55,24 / 25,13948110,2020-01-08 16:07:51:704,-0.0389,-1.4639,8.952,-0.0032,0.0126,9.8066,-0.0463,-0.0368,0.1238,-18.31,-35.94,0.38,264.55,-85.75,-176.96
58072.3,58072.30017,9,58072.3,52.2019005,-2.2009617,23.638,76.993,76.19,-0.18,0.1,24.09998,23.31,23.32999,23.5,23.32999,-2.399994,23.43,-0.009180069,-0.01938009,0,3,3,1263,89,0,0.07998657,0,13.8,13.5,0,52.20188,-2.201058,132.11,6.55,2,75.55,24 / 25,13948210,2020-01-08 16:07:51:804,-0.7116,1.0232,10.1995,-0.0038,-0.033,9.8065,0.0208,0.097,-0.1582,-18.25,-35.87,1,269.8,-85.73,-174.81
58072.4,58072.40017,9,58072.4,52.2019019,-2.2009524,23.494,75.955,76.16,-0.19,0.1,25.09998,23.7,23.32999,23.5,23.21,-2.600006,23.37,-0.01938009,0.009180069,0,3,3,1260,89,0,-0.1499939,0,13.8,13.5,0,52.20188,-2.201058,132.11,6.55,2,75.55,23 / 24,13948310,2020-01-08 16:07:51:904,-0.6155,-1.5311,9.5789,-0.0101,-0.0237,9.8066,0.0563,-0.0534,-0.0056,-17.87,-35.56,0.75,267.77,-85.8,-177
58072.5,58072.50017,9,58072.5,52.2019033,-2.200943,23.634,76.604,76.13,-0.2,0.1,24.79999,23.68999,23.34,23.59,23.2,-2.399994,23.5,-0.02958012,-0.05915999,0,3,3,1258,89,0,0.07998657,0,13.8,13.5,0,52.20188,-2.201058,132.11,6.55,2,75.55,23 / 24,13948410,2020-01-08 16:07:52:004,0.6468,0.7649,9.224,-0.0269,-0.0113,9.8065,-0.0293,0.1412,-0.1415,-18.94,-35.06,0.94,270.3,-85.89,-175.13
58072.6,58072.59917,9,58072.6,52.2019045,-2.2009338,23.123,77.281,76.12,-0.19,0.1,24.70001,23.54,23.43,23.68,23.46999,-2.5,23.52,-0.01938009,-0.01938009,0,3,3,1257,89,0,-0.1499939,0,13.8,13.5,0,52.20188,-2.201058,132.11,6.55,2,75.55,23 / 24,13948509,2020-01-08 16:07:52:103,-0.0677,-1.8522,9.6304,-0.0017,-0.0516,9.8064,-0.0649,0.1104,0.0007,-19.06,-35.19,1.13,269.57,-86.19,-176.4
58072.7,58072.69917,9,58072.7,52.2019058,-2.2009244,23.602,77.253,76.11,-0.18,0.1,25.29999,23.77,23.48,23.89,23.34,-2.699982,23.57,-0.01938009,0.009180069,0,3,3,1257,89,0,0.07998657,0,13.8,13.5,0.5,52.20188,-2.201058,132.11,6.55,2,75.55,23 / 24,13948609,2020-01-08 16:07:52:203,-0.5521,0.5948,10.4717,0.0133,-0.0338,9.8065,0.0476,0.0847,-0.1236,-18.94,-35.81,0.13,273.08,-86.15,-169.61
58072.8,58072.80017,9,58072.8,52.2019069,-2.2009151,23.378,77.901,76.07,-0.2,0.1,26.89996,23.68,23.41,23.46999,23.14999,-3.399994,23.6,-0.009180069,-0.009180069,0,3,3,1268,89,0,-0.1499939,0,13.7,13.5,4,52.20188,-2.201058,132.11,6.55,2,75.55,23 / 24,13948710,2020-01-08 16:07:52:304,-0.5404,0.1608,9.0562,0.0289,-0.0208,9.8065,-0.0412,0.0124,-0.1182,-19,-34.44,0.81,275.75,-85.98,-170.07
58072.9,58072.90017,9,58072.9,52.2019082,-2.2009056,23.875,77.405,76.05,-0.2,0.1,28.20001,23.57999,23.32,23.89999,23.39999,-2.100006,23.47,-0.01938009,-0.05915999,0,3,3,1312,89,0,-0.1499939,0,13.8,13.5,6.5,52.20188,-2.201058,132.11,6.55,2,75.55,23 / 24,13948810,2020-01-08 16:07:52:404,-1.0407,0.7615,9.0488,-0.0053,0.026,9.8066,-0.0716,0.0988,0.0125,-18.81,-35.75,0.56,271.95,-86,-173.45
58073,58073.00017,9,58073,52.2019092,-2.2008961,23.67,79.607,76.03,-0.19,0.1,28.20001,23.82999,23.36,23.96,23.28,-3.199982,23.54,-0.01938009,-0.04997993,0,3,3,1355,89,0,0.07998657,0,13.7,13.5,8,52.20188,-2.201058,132.11,6.55,2,75.55,23 / 24,13948910,2020-01-08 16:07:52:504,-0.9192,1.8902,9.2505,-0.0084,0.0128,9.8065,0.019,-0.3113,0.1399,-19,-35.44,0.94,275.27,-85.96,-170.29
58073.1,58073.09917,9,58073.1,52.2019103,-2.2008865,23.764,79.266,76.02,-0.19,0.1,28.20001,23.92,23.54,23.96,23.57999,-3.899994,23.69,-0.01938009,0,0,3,3,1372,89,0,-0.1499939,0,13.7,13.5,8,52.20188,-2.201058,132.11,6.55,2,75.55,23 / 24,13949009,2020-01-08 16:07:52:603,0.6331,-1.2266,10.2962,-0.0152,0.0196,9.8066,0.0454,-0.3257,0.2471,-18.87,-35.12,0.75,276.96,-86.03,-168.75
58073.2,58073.19917,9,58073.2,52.2019114,-2.2008772,23.465,78.768,75.98,-0.2,0.1,27.89996,24.07999,23.73,23.91,23.73,-3,23.88,-0.009180069,0,0,3,3,1388,89,0,0.07998657,0,13.7,13.5,8.5,52.20188,-2.201058,132.11,6.55,2,75.55,23 / 24,13949109,2020-01-08 16:07:52:703,-0.8135,1.6536,8.7807,-0.0249,0.0756,9.8063,-0.1042,-0.3629,0.2429,-19.06,-35.5,0.63,281.3,-86.18,-164.77
58073.3,58073.30017,9,58073.3,52.2019125,-2.2008675,23.882,79.57,75.96,-0.2,0.1,26.5,24.24,23.92,24.06,23.71999,-3,23.96,0.009180069,-0.01938009,0,3,3,1416,89,0,-0.1499939,0,13.7,13.5,8.5,52.20188,-2.201058,132.11,6.55,2,75.55,23 / 24,13949210,2020-01-08 16:07:52:804,-0.5341,-1.3577,9.1063,-0.0446,0.0258,9.8065,0.0292,-0.2069,-0.0037,-18.62,-35.62,-0.25,272.93,-86.56,-170.54
58073.4,58073.40017,9,58073.4,52.2019135,-2.2008578,24.08,79.806,75.94,-0.2,0.1,24.39996,24.25,24.07,24.2,23.93999,-2.5,24.13,0.009180069,-0.01938009,0,3,3,1432,89,0,-0.1499939,0,13.8,13.5,10,52.20188,-2.201058,132.11,6.55,2,75.55,24 / 24,13949310,2020-01-08 16:07:52:904,1.863,0.5455,9.5432,0.0678,0.0108,9.8064,-0.0885,-0.1585,-0.0148,-19.12,-34.37,0.25,271.22,-86.61,-172.69
58073.5,58073.50017,9,58073.5,52.2019146,-2.2008481,24.314,79.421,75.9,-0.21,0.1,20.59998,24.39999,24.28,24.46,24.16,-2.299988,24.31,0.009180069,0,0,3,3,1422,89,0,0.07998657,0,13.7,13.5,11.5,52.20188,-2.201058,132.11,6.55,2,75.55,24 / 24,13949410,2020-01-08 16:07:53:004,0.5551,-1.7964,8.4772,0.0365,0.0299,9.8064,-0.1078,-0.1569,0.2137,-19.06,-35.12,-0.06,268.43,-86.1,-174.37
58073.6,58073.60017,9,58073.6,52.2019156,-2.2008382,24.394,79.969,75.86,-0.25,0.1,16.59998,24.71,24.42,24.78,24.45,-1.899994,24.51,0.009180069,0.01937985,0,3,3,1476,89,0,0.07998657,0,13.8,13.5,13,52.20188,-2.201058,132.11,6.55,2,75.55,24 / 24,13949510,2020-01-08 16:07:53:104,0.2837,0.3513,10.168,0.0016,0.0181,9.8066,-0.0203,-0.1528,0.0945,-18.87,-34.94,0.75,275.66,-86.16,-170.27
58073.7,58073.69917,9,58073.7,52.2019165,-2.2008282,24.797,81.112,75.85,-0.22,0.1,13,24.89,24.82999,24.95,24.68999,-1,24.86,0.009180069,0.02957988,0,3,3,1574,89,0,0.07998657,0,13.7,13.5,14,52.20188,-2.201058,132.11,6.55,2,75.55,24 / 24,13949609,2020-01-08 16:07:53:203,0.471,0.6247,9.5304,0.0091,0.0019,9.8065,-0.0861,-0.0518,-0.0116,-18.31,-35.37,1,273.96,-86.24,-171.89
58073.8,58073.80017,9,58073.8,52.2019176,-2.2008183,24.584,80.084,75.81,-0.24,0.1,9.299988,25.16,25.23,25.23,24.96,-0.6000061,25.1,0.01937985,0.01937985,0,3,3,1643,89,0,-0.1499939,0,13.7,13.5,14,52.20188,-2.201058,132.11,6.55,2,75.55,24 / 24,13949710,2020-01-08 16:07:53:304,0.5281,0.317,10.473,-0.0124,0.0016,9.8066,-0.0038,-0.0558,0.0371,-18.31,-35.19,0.44,271.15,-86.5,-172.01
58073.9,58073.90017,9,58073.9,52.2019185,-2.2008082,25.085,80.753,75.77,-0.26,0.1,5.700012,25.52,25.49,25.43,25.32,0,25.41,0.02957988,0.04997993,0,3,3,1661,89,0,-0.1499939,0,13.7,13.5,14.5,52.20188,-2.201058,132.11,6.55,2,75.55,24 / 24,13949810,2020-01-08 16:07:53:404,0.349,0.4935,10.3227,0.0186,-0.0105,9.8066,-0.041,0.053,-0.0202,-18.31,-35.5,0.88,276,-86.47,-170.33
58074,58073.99917,9,58074,52.2019196,-2.200798,25.29,80.004,75.75,-0.25,0.1,1.700012,25.82,25.79,25.63,25.61,0.8999939,25.71,0.0397799,0.0397799,0,3,3,1652,89,0,0.07998657,0,13.7,13.5,14.5,52.20188,-2.201058,132.11,6.55,2,75.55,24 / 24,13949909,2020-01-08 16:07:53:503,1.0604,-0.3336,8.9714,-0.0064,-0.0102,9.8066,0.0306,0.0353,-0.0432,-18.37,-36,1,276.26,-86.41,-169.75
58074.1,58074.09917,9,58074.1,52.2019207,-2.2007876,25.826,80.018,75.72,-0.26,0.1,0,26.07,26.28,26.03,25.92,1.600006,25.97,0.04997993,0.0397799,0,3,3,1644,89,0,0.07998657,0,13.7,13.5,14.5,52.20188,-2.201058,132.11,6.55,2,75.55,24 / 24,13950009,2020-01-08 16:07:53:603,1.2454,1.5854,10.8744,-0.0417,-0.0259,9.8064,0.131,0.1841,0.0272,-18.37,-35.62,0.63,277.44,-86.47,-168.7
58074.2,58074.20017,9,58074.2,52.2019217,-2.2007771,26.093,80.754,75.68,-0.27,0.1,0,26.32999,26.57999,26.39,26.43,2.300018,26.32,0.05915999,0.06936002,0,3,3,1654,89,0,-0.1499939,0,13.7,13.5,14.5,52.20188,-2.201058,132.11,6.55,2,75.55,24 / 24,13950110,2020-01-08 16:07:53:704,0.8243,1.7275,10.3877,0.0334,0.0396,9.8064,-0.0927,-0.2091,0.3171,-18.56,-35.44,1.25,280.92,-86.3,-165.37
58074.3,58074.30017,9,58074.3,52.2019229,-2.2007665,26.478,79.516,75.65,-0.26,0.1,0,26.71,26.93999,26.68999,26.82,3.300018,26.75,0.04997993,0.08976007,0,3,3,1667,89,0,-0.1499939,0,13.7,13.5,12,52.20188,-2.201058,132.11,6.55,2,75.55,24 / 24,13950210,2020-01-08 16:07:53:804,-0.6615,3.555,9.5689,0.0081,-0.0561,9.8065,-0.1371,0.1711,-0.1442,-18.19,-35.94,1.31,280.63,-86.02,-164.68
58074.4,58074.40117,9,58074.4,52.201924,-2.2007556,26.946,79.997,75.62,-0.27,0.1,0,27.07999,27.43999,27.00999,27.35,4.800018,27.11,0.04997993,0.12954,0,3,3,1664,89,0,-0.1499939,0,13.7,13.5,4,52.20188,-2.201058,132.11,6.55,2,75.55,24 / 24,13950311,2020-01-08 16:07:53:905,-0.1111,0.3965,11.4571,0.0132,0.0267,9.8066,0.0226,-0.2129,0.0595,-18.19,-35.62,1.25,274.87,-86.05,-170.41
58074.5,58074.50017,9,58074.5,52.2019253,-2.2007447,27.22,79.153,75.58,-0.28,0.1,0,27.37,27.87,27.34,27.78,6.100006,27.5,0.05915999,0.14994,0,3,3,1641,89,0,-0.1499939,0,13.7,13.5,2.5,52.20188,-2.201058,132.11,6.55,2,75.55,24 / 24,13950410,2020-01-08 16:07:54:004,1.48,-0.9278,10.7455,0.0365,0.0276,9.8065,-0.0191,-0.1216,0.1322,-18.69,-35.37,1.19,273.07,-86.04,-172.62
58074.6,58074.60017,9,58074.6,52.2019268,-2.2007338,27.436,77.827,75.56,-0.27,0.1,0,27.64,28.2,27.45,28.11,6.800018,27.83,0.05915999,0.12954,0,3,3,1616,89,0,-0.1499939,0,13.7,13.5,2.5,52.20188,-2.201058,132.11,6.55,2,75.55,24 / 24,13950510,2020-01-08 16:07:54:104,0.723,1.4977,9.6611,-0.0149,0.0396,9.8065,0.0261,-0.0251,0.1075,-18.69,-35.37,0.44,270.83,-86.04,-171.85
58074.7,58074.70017,9,58074.7,52.2019282,-2.2007225,28.069,78.103,75.52,-0.28,0.1,0,27.81,28.42999,27.95,28.45999,7,28.03,0.0397799,0.09995985,0,3,3,1646,89,0,-0.1499939,0,13.7,13.5,2.5,52.20188,-2.201058,132.11,6.55,2,75.55,24 / 24,13950610,2020-01-08 16:07:54:204,0.3372,0.5061,9.4515,0.0281,0.0146,9.8065,-0.0234,0.0411,-0.0278,-19.62,-35.37,1.06,270.91,-85.9,-174.74
58074.8,58074.80017,9,58074.8,52.2019298,-2.2007114,28.134,76.522,75.49,-0.28,0.1,0,28.09999,28.59999,28.16,28.44,6.300018,28.29,0.01937985,0.06936002,0,4,3,1676,89,0,0.07998657,0,13.7,13.5,2.5,52.20188,-2.201058,132.11,6.55,2,75.55,24 / 24,13950710,2020-01-08 16:07:54:304,1.4683,0.5219,10.778,0.0109,-0.0306,9.8066,-0.0182,0.2188,-0.1877,-20.06,-35.12,0.31,265.71,-86.13,-177.52
58074.9,58074.89917,9,58074.9,52.2019314,-2.2007001,28.415,76.46,75.47,-0.27,0.1,0,28.25,28.73999,28.23,28.66,5.399994,28.49,0.02957988,0.07956004,0,4,3,1658,89,0,-0.1499939,0,13.6,13.5,2.5,52.20188,-2.201058,132.11,6.55,2,75.55,24 / 24,13950809,2020-01-08 16:07:54:403,0.2083,0.0855,10.4138,-0.0048,0.0015,9.8066,-0.032,0.0999,0.098,-21.12,-34.81,0.69,271.67,-86.15,-174.62
58075,58075.00017,9,58075,52.2019333,-2.2006888,28.789,75.093,75.43,-0.28,0.1,0,28.39,28.75,28.45999,28.77,4.800018,28.57,0.009180069,0.02957988,0,4,3,1581,89,0,0.07998657,0,13.7,13.5,2.5,52.20188,-2.201058,132.11,6.55,2,75.55,24 / 24,13950910,2020-01-08 16:07:54:504,0.6171,0.1172,10.5124,0.0151,-0.016,9.8065,-0.0541,0.1546,0.0013,-21.44,-34.12,1.63,277.53,-86,-171.49
58075.1,58075.09917,9,58075.1,52.2019352,-2.2006775,28.721,74.571,75.4,-0.28,0.1,0,28.66,29.03999,28.70999,28.81999,4.100006,28.56,-0.009180069,0,0,4,3,1552,89,0,-0.1499939,0,13.7,13.5,0,52.20188,-2.201058,132.11,6.55,2,75.55,24 / 24,13951009,2020-01-08 16:07:54:603,0.2736,1.3049,9.0118,0.0425,0.0013,9.8065,-0.0932,0.0198,0.0683,-21,-33.75,1.19,274.71,-85.91,-171.38
58075.2,58075.19917,9,58075.2,52.2019369,-2.200666,28.976,75.541,75.37,-0.28,0.1,0,28.87999,29.09999,28.84999,28.98,3.100006,28.78,-0.009180069,0.0397799,0,4,3,1493,89,0,-0.1499939,0,13.7,12.75,0,52.20188,-2.201058,132.11,6.55,2,75.55,24 / 24,13951109,2020-01-08 16:07:54:703,1.0464,1.461,10.7601,0.0158,-0.0352,9.8065,-0.0793,0.0922,-0.0499,-20.81,-33.69,1.88,281.71,-86.05,-167.44
58075.3,58075.30017,9,58075.3,52.2019389,-2.2006548,28.721,74.3,75.33,-0.29,0.1,1.399963,28.92999,29.17999,28.92999,28.98999,2,29,0,0.009180069,0,4,3,1413,89,0,0.07998657,0,13.7,12.75,0,52.20188,-2.201058,132.11,6.55,2,75.55,24 / 24,13951210,2020-01-08 16:07:54:804,-0.5042,-2.519,8.2605,0.0423,0.0392,9.8064,-0.2138,-0.0454,0.2064,-20.25,-34,-0.06,279.22,-85.97,-163.96
58075.4,58075.40017,9,58075.4,52.2019408,-2.2006434,28.894,74.144,75.3,-0.29,0.1,4.799988,29.06999,29.17999,29.17,29,1.600006,29.16,0,-0.01938009,0,4,3,1309,89,0,0.07998657,0,13.7,12.75,0,52.20188,-2.201058,132.11,6.55,2,75.55,23 / 24,13951310,2020-01-08 16:07:54:904,0.121,-0.6914,9.2479,-0.0266,-0.0361,9.8065,0.2652,0.2213,-0.18,-20.06,-34.5,-0.37,281.31,-86.12,-162.17
58075.5,58075.50017,9,58075.5,52.2019428,-2.200632,29.268,73.957,75.27,-0.29,0.1,7.299988,29.11,29.28,29.17999,29.14999,0.8999939,29.15,0,-0.009180069,0,4,3,1205,89,0,0.07998657,0,13.6,12.75,0,52.20188,-2.201058,132.11,6.55,2,75.55,23 / 24,13951410,2020-01-08 16:07:55:004,-1.3967,-1.3637,9.4674,0.0202,-0.013,9.8066,0.0287,0.2184,-0.0536,-20,-34.56,-0.44,283.23,-86.01,-159.91
58075.6,58075.59917,9,58075.6,52.2019448,-2.2006205,29.318,74.135,75.23,-0.29,0.1,11.59998,29.12,29.27,29.34,29.33,0.3999939,29.34,0,-0.01938009,0,4,3,1152,89,0,0.5599976,1,13.7,12.75,0,52.20188,-2.201058,132.11,6.55,2,75.55,23 / 24,13951509,2020-01-08 16:07:55:103,1.0471,-0.4609,10.0405,0.0136,-0.0536,9.8064,0.0556,0.2529,-0.1164,-19.81,-35.37,-0.44,288.49,-85.79,-154.45
58075.7,58075.70017,9,58075.7,52.2019468,-2.200609,29.38,74.126,75.21,-0.29,0.1,15.39996,29.34,29.34999,29.47,29.3,-0.6000061,29.38,-0.01938009,-0.04997993,0,4,3,1153,89,0,1.029999,1,13.7,12.75,0,52.20188,-2.201058,132.11,6.55,2,75.55,23 / 24,13951610,2020-01-08 16:07:55:204,-1.2779,1.0635,7.767,0.0375,-0.0219,9.8065,-0.1236,0.1188,-0.1689,-19.69,-35.37,-0.56,283.54,-85.62,-156.09
58075.8,58075.80017,9,58075.8,52.2019488,-2.2005974,29.398,74,75.16,-0.3,0.1,21.20001,29.47,29.34999,29.52,29.25999,-1.100006,29.49,-0.01938009,-0.04997993,0,4,3,1162,89,0,1.029999,1,13.7,12.75,0,52.20188,-2.201058,132.11,6.55,2,75.55,23 / 24,13951710,2020-01-08 16:07:55:304,-0.6192,-2.8859,10.0844,-0.0133,-0.068,9.8063,0.0549,0.2869,-0.2811,-19.87,-34.87,-0.25,287.91,-85.85,-155.11
58075.9,58075.89917,9,58075.9,52.2019507,-2.2005859,29.308,74.417,75.14,-0.29,0.1,26.39996,29.5,29.25999,29.61,29.28999,-2.399994,29.4,-0.01938009,-0.07956004,0,4,3,1168,90,0,1.029999,1,13.8,12.75,0,52.20188,-2.201058,132.11,6.55,2,75.55,23 / 24,13951809,2020-01-08 16:07:55:403,-0.3765,-2.7547,8.6648,0.0473,0.0249,9.8065,-0.1013,-0.0255,0.0738,-20.31,-34.56,-0.25,290.52,-85.77,-152.47
58076,58076.00017,9,58076,52.2019527,-2.2005745,29.315,73.897,75.11,-0.29,0.1,32.20001,29.56999,29.17,29.59999,29.06999,-3.399994,29.35,-0.01938009,-0.1193399,0,4,3,1166,89,0,1.029999,1,13.7,12.75,0,52.20188,-2.201058,132.11,6.55,2,75.55,23 / 24,13951910,2020-01-08 16:07:55:504,0.0085,0.8827,9.5691,-0.0553,-0.032,9.8063,0.2363,0.1474,-0.0626,-19.87,-34.87,-1.12,292.79,-85.96,-147.76
58076.1,58076.10017,9,58076.1,52.2019545,-2.2005627,29.639,75.654,75.08,-0.29,0.1,36.79999,29.59,29.06,29.72,29.17,-4.600006,29.34,-0.01938009,-0.12954,0,4,3,1167,89,0,1.509979,1,13.7,12.75,0,52.20188,-2.201058,132.11,6.55,2,75.55,23 / 24,13952010,2020-01-08 16:07:55:604,0.609,0.4695,11.1573,0.0018,-0.0125,9.8066,0.1048,-0.0711,0.0181,-20.31,-34.62,-0.37,295.24,-85.69,-147.85
58076.2,58076.20017,9,58076.2,52.2019563,-2.200551,29.585,75.279,75.03,-0.31,0.1,41,29.7,29.06999,29.73999,29.06,-5.699982,29.39,-0.02958012,-0.13974,0,4,3,1176,89,0,1.75,1,13.7,12.75,0,52.20188,-2.201058,132.11,6.55,2,75.55,23 / 24,13952110,2020-01-08 16:07:55:704,0.1525,0.8397,8.6525,-0.0033,-0.0459,9.8065,-0.0677,0.2729,-0.1793,-19.75,-34.5,-0.62,292.82,-85.56,-147.27
58076.3,58076.30017,9,58076.3,52.201958,-2.2005394,29.448,76.108,75.01,-0.3,0.1,46,29.8,29.22,29.78999,29.2,-6.299988,29.46,-0.03978014,-0.14994,0,4,3,1178,89,0,2.220001,1,13.7,12.75,0,52.20188,-2.201058,132.11,6.55,2,75.55,23 / 24,13952210,2020-01-08 16:07:55:804,-3.5423,1.2893,10.2231,-0.0306,-0.0138,9.8065,-0.0189,0.179,-0.0702,-20.19,-33.75,0.38,300.36,-85.63,-143.15
58076.4,58076.40017,9,58076.4,52.2019595,-2.2005277,29.326,77.855,74.97,-0.31,0.1,51.79999,29.78999,29.09,29.84,28.98999,-7.600006,29.45,-0.03978014,-0.16014,0,4,3,1175,89,0,0.3200073,1,13.7,12.75,0,52.20188,-2.201058,132.11,6.55,2,75.55,23 / 24,13952310,2020-01-08 16:07:55:904,-0.0854,-3.9378,10.1468,-0.0155,-0.0363,9.8065,-0.0485,0.101,-0.11,-20.62,-34.37,0.19,306.74,-85.71,-137.6
58076.5,58076.50017,9,58076.5,52.2019611,-2.200516,29.347,77.679,74.93,-0.32,0.1,56.5,29.89999,29.09,29.86,28.98999,-8.600006,29.47,-0.02958012,-0.1693201,0,4,3,1173,89,0,-0.1499939,0,13.7,12.75,0,52.20188,-2.201058,132.11,6.55,2,75.55,23 / 24,13952410,2020-01-08 16:07:56:004,-0.3415,-0.2681,10.3169,0.0283,-0.0267,9.8065,-0.039,-0.1197,-0.0639,-20.81,-32.75,1.69,310.09,-85.75,-140.18
58076.6,58076.60017,9,58076.6,52.2019624,-2.2005042,29.462,78.713,74.89,-0.32,0.1,62.5,29.87999,28.97,29.94,28.89,-9.600006,29.42,-0.02958012,-0.1897202,0,4,3,1177,89,0,0.07998657,0,13.7,12.75,0,52.20188,-2.201058,132.11,6.55,2,75.55,23 / 24,13952510,2020-01-08 16:07:56:104,-0.2133,-0.3175,9.9644,0.0172,-0.0146,9.8065,0.121,-0.1853,-0.022,-21.25,-32.87,1.75,308.47,-85.62,-141.51
58076.7,58076.70017,9,58076.7,52.2019639,-2.2004926,29.11,78.087,74.86,-0.32,0.1,70.70001,29.95999,29.00999,29.92999,28.83,-10.69998,29.43,-0.02958012,-0.2295001,0,4,3,1174,89,0,-0.1499939,0,13.8,12.75,0,52.20188,-2.201058,132.11,6.55,2,75.55,23 / 24,13952610,2020-01-08 16:07:56:204,0.0462,-1.7818,9.6332,-0.0102,0.0346,9.8065,0.0116,-0.172,0.0286,-22.19,-31.44,1.44,303.55,-85.45,-143.61
58076.8,58076.79917,9,58076.8,52.2019653,-2.2004809,29.268,78.92,74.83,-0.31,0.1,76.29999,30.2,28.91,30.2,28.81999,-12.60001,29.58,-0.03978014,-0.26928,0,4,3,1171,89,0,-0.1499939,0,13.8,12.75,0,52.20188,-2.201058,132.11,6.55,2,75.55,23 / 24,13952709,2020-01-08 16:07:56:303,0.0409,-1.5943,9.5668,-0.0029,-0.0223,9.8066,-0.0234,-0.163,0.0067,-22.5,-31.12,1.25,305.16,-85.34,-141.97
58076.9,58076.90017,9,58076.9,52.2019663,-2.2004691,29.131,80.915,74.77,-0.35,0.1,74,30.12,29.09999,30.23,28.81,-13.19998,29.59,-0.03978014,-0.2601001,0,4,3,1164,89,0,0.07998657,0,13.8,12.75,0,52.20188,-2.201058,132.11,6.55,2,75.55,23 / 24,13952810,2020-01-08 16:07:56:404,0.6463,-1.9772,10.051,-0.0458,0.0021,9.8065,0.0865,-0.1066,-0.0239,-21.81,-31.31,0.25,304.91,-85.55,-139.85
58077,58076.99917,9,58077,52.2019671,-2.2004572,29.192,82.975,74.72,-0.36,0.1,62,30.25,29.02,30.36,29.00999,-13.19998,29.69,-0.03978014,-0.1999199,0,4,3,1156,89,0,0.07998657,0,13.8,12.75,1.5,52.20188,-2.201058,132.11,6.55,2,75.55,23 / 24,13952909,2020-01-08 16:07:56:503,-0.4852,-3.0328,9.772,-0.0328,-0.039,9.8065,-0.004,-0.2311,-0.0752,-21.19,-31.81,0.69,307.83,-85.62,-139.54
58077.1,58077.10017,9,58077.1,52.2019679,-2.2004455,29.027,83.494,74.67,-0.37,0.1,44,30.09999,29.23999,30.08,28.92999,-10.19998,29.6,-0.03978014,-0.12954,0,4,3,1187,90,0,0.07998657,0,13.8,12.75,7.5,52.20188,-2.201058,132.11,6.55,2,75.55,23 / 24,13953010,2020-01-08 16:07:56:604,0.2644,-1.7621,11.1727,-0.0084,-0.0006,9.8065,0.1349,-0.3573,-0.0132,-19.19,-31.62,1.56,314.3,-85.69,-136.45
58077.2,58077.20017,9,58077.2,52.2019681,-2.2004331,30.211,87.84,74.62,-0.38,0.1,24.39996,30.05,29.34,30.16,29.48,-6.600006,29.66,-0.02958012,0.009180069,0,4,3,1219,89,0,-0.1499939,0,13.8,12.75,10,52.20188,-2.201058,132.11,6.55,2,75.55,23 / 24,13953110,2020-01-08 16:07:56:704,-0.6187,-0.9604,9.8691,-0.0366,-0.001,9.8065,0.0239,0.0693,-0.1648,-18.81,-32.06,2.06,313.42,-85.71,-137.28
58077.3,58077.30017,9,58077.3,52.2019684,-2.200421,29.75,87.01,74.58,-0.38,0.1,7.200012,30.03,29.64999,30.06,29.62,-3.399994,29.89,-0.02958012,0.1091399,0,4,3,1252,89,0,0.07998657,0,13.7,12.75,14.5,52.20188,-2.201058,132.11,6.55,2,75.55,23 / 24,13953210,2020-01-08 16:07:56:804,-0.0035,-2.5163,9.5046,-0.0186,0.0153,9.8065,0.0763,-0.2217,-0.1333,-19,-33.25,3.44,315.1,-86.18,-139.18
58077.4,58077.40017,9,58077.4,52.2019688,-2.2004087,30.172,87.106,74.54,-0.38,0.1,0,30.17999,30.23999,30.20999,29.87999,0.7000122,30.16,-0.03978014,0.1091399,0,4,3,1301,89,0,0.07998657,0,13.8,12.75,16.5,52.20188,-2.201058,132.11,6.55,2,75.55,23 / 24,13953310,2020-01-08 16:07:56:904,-0.5113,-0.5832,8.1364,-0.0399,0.0681,9.8063,0.0646,-0.06,-0.0326,-18.87,-33.56,3.56,306.11,-86.91,-151.36
58077.5,58077.50017,9,58077.5,52.2019691,-2.2003966,29.866,87.084,74.5,-0.39,0.1,0,30.39999,30.92,30.37,30.27,3.899994,30.47,-0.03978014,0.16014,0,4,3,1342,89,0,-0.1499939,0,13.7,12.75,19.5,52.20188,-2.201058,132.11,6.55,2,75.55,23 / 24,13953410,2020-01-08 16:07:57:004,1.6912,0.858,11.1224,-0.0527,0.0131,9.8064,0.022,0.133,-0.1115,-17.94,-35.5,3.88,306.27,-87.35,-152.18
58077.6,58077.60017,9,58077.6,52.2019694,-2.2003845,29.761,87.495,74.46,-0.38,0.1,0,30.42999,31.05,30.19,30.75999,6.5,30.71,0,0.2498999,0,4,3,1364,89,0,-0.1499939,0,13.7,12.75,20.5,52.20188,-2.201058,132.11,6.55,2,75.55,23 / 24,13953510,2020-01-08 16:07:57:104,-0.5392,-2.8032,11.93,0.0491,-0.04,9.8064,-0.0307,0.0893,-0.2621,-18.37,-34.75,3.69,301.26,-87.59,-157.33
58077.7,58077.70017,9,58077.7,52.2019701,-2.2003721,30.334,85.219,74.42,-0.38,0.1,0,30.48,31.20999,30.12999,31.14999,9.100006,30.76,0.01937985,0.2498999,0,4,3,1417,89,0,-0.1499939,0,13.7,12.75,20.5,52.20188,-2.201058,132.11,6.55,2,75.55,23 / 24,13953610,2020-01-08 16:07:57:204,-1.679,-0.4626,10.8456,0.0612,0.0124,9.8064,0.0458,0.0391,-0.0896,-17.69,-35.06,4.56,290.01,-87.13,-170.43
58077.8,58077.80017,9,58077.8,52.2019708,-2.2003597,30.74,84.541,74.39,-0.37,0.1,0,30.39,31.41,30.48,31.25,11,30.93,0.04997993,0.1897199,0,4,3,1477,89,0,-0.1499939,0,13.7,12.75,20.5,52.20188,-2.201058,132.11,6.55,2,75.55,23 / 24,13953710,2020-01-08 16:07:57:304,1.497,0.164,10.3307,0.0125,0.0607,9.8064,0.3583,-0.0157,0.2479,-16.75,-34.56,4.5,273.72,-86.6,174.06
58077.9,58077.90017,9,58077.9,52.2019717,-2.2003469,31.615,83.846,74.36,-0.35,0.1,0,30.89,31.8,30.94,31.64,10.20001,31.22,0.05915999,0.1897199,0,4,3,1501,89,0,0.07998657,0,13.7,12.75,20.5,52.20188,-2.201058,132.11,6.55,2,75.55,23 / 24,13953810,2020-01-08 16:07:57:404,1.6536,2.5537,10.2685,-0.0064,-0.0386,9.8065,0.2332,0.0859,-0.1764,-16.25,-34.37,4.38,275.74,-85.94,-179.9
58078,58077.99917,9,58078,52.2019728,-2.2003342,31.471,81.42,74.33,-0.35,0.1,0,31.48999,32.28999,31.37999,32.2,9.800018,31.73,0.04997993,0.1999199,0,4,3,1469,89,0,-0.1499939,0,13.7,12.75,20.5,52.20188,-2.201058,132.11,6.55,2,75.55,23 / 24,13953909,2020-01-08 16:07:57:503,-0.0261,2.0097,9.5515,-0.0294,-0.0047,9.8065,-0.0957,-0.0957,-0.1974,-15.87,-33.94,2.5,268.39,-85.81,176.57
58078.1,58078.10017,9,58078.1,52.201974,-2.2003212,32.13,81.674,74.28,-0.36,0.1,0,32.06999,32.84,31.77,32.64,9.899994,32.27,0.05915999,0.1693199,0,4,3,1453,89,0,0.07998657,0,13.7,12.75,20.5,52.20188,-2.201058,132.11,6.55,2,75.55,23 / 24,13954010,2020-01-08 16:07:57:604,2.4622,2.4952,10.2285,-0.035,0.0616,9.8063,-0.0525,-0.0289,0.3927,-16.94,-33.75,0,253.28,-86.31,170.33
58078.2,58078.20017,9,58078.2,52.2019754,-2.2003084,32.072,80.101,74.23,-0.37,0.1,0,32.48999,33.31999,32.09999,32.97,10.20001,32.73,0.06936002,0.1897199,0,4,3,1452,90,0,-0.1499939,0,13.8,12.75,20.5,52.20188,-2.201058,132.11,6.55,2,75.55,23 / 24,13954110,2020-01-08 16:07:57:704,-1.007,3.8783,9.4811,-0.0353,0.0792,9.8062,-0.0145,-0.0133,0.3879,-17.81,-34.12,-2.06,253.28,-86.53,175.84
58078.3,58078.30017,9,58078.3,52.2019768,-2.2002954,32.486,79.55,74.2,-0.37,0.1,0,32.81999,33.67,32.84,33.62999,9.700012,33.24,0.08976007,0.1897199,0,4,3,1454,90,0,-0.1499939,0,13.7,12.75,21,52.20188,-2.201058,132.11,6.55,2,75.55,23 / 24,13954210,2020-01-08 16:07:57:804,-0.4961,1.229,9.2705,-0.0062,-0.0075,9.8066,0.0581,-0.2478,-0.0807,-19,-34.37,-1.44,254.06,-86.6,172.91
58078.4,58078.39917,9,58078.4,52.2019785,-2.2002821,33.235,78.349,74.15,-0.38,0.1,0,33.31999,34.03999,33.19,33.81,8.899994,33.61,0.09995985,0.1795199,0,4,3,1460,90,0,0.07998657,0,13.7,12.75,21.5,52.20188,-2.201058,132.11,6.55,2,75.55,23 / 24,13954309,2020-01-08 16:07:57:903,1.1008,6.4659,8.7948,0.0696,-0.0284,9.8063,-0.029,0.3248,-0.3911,-20.31,-34.69,-0.5,255.5,-85.94,172.37
58078.5,58078.50017,9,58078.5,52.2019804,-2.2002686,33.898,76.943,74.14,-0.34,0.1,0,33.8,34.5,33.64,34.37999,8.300018,34.01,0.09995985,0.16014,0,4,3,1472,89,0,-0.1499939,0,13.7,12.75,21.5,52.20188,-2.201058,132.11,6.55,2,75.55,23 / 24,13954410,2020-01-08 16:07:58:004,-0.4974,-0.8373,10.0417,0.0296,0.0988,9.806,-0.0686,0.131,0.3669,-21.31,-34.94,0.94,253.35,-85.52,167.75
58078.6,58078.59917,9,58078.6,52.2019823,-2.2002549,34.333,77,74.06,-0.39,0.1,0,34.44,34.97,34.3,34.83,7.399994,34.54,0.09995985,0.12954,0,4,3,1476,90,0,-0.1499939,0,13.7,12.75,22.5,52.20188,-2.201058,132.11,6.55,2,75.55,23 / 24,13954509,2020-01-08 16:07:58:103,0.961,0.1739,10.1071,0.0156,0.0007,9.8066,-0.1434,0.4056,0.0552,-20.44,-35.25,1.56,260.72,-85.6,172.58
58078.7,58078.69917,9,58078.7,52.2019846,-2.2002413,34.729,75.226,74.04,-0.37,0.1,0,34.94,35.48999,34.89,35.25,6.600006,35.08,0.09995985,0.07956004,0,4,3,1488,90,0,-0.1499939,0,13.7,12.75,22.5,52.20188,-2.201058,132.11,6.55,2,75.55,23 / 24,13954609,2020-01-08 16:07:58:203,0.2135,1.0983,10.3324,0.0001,-0.0419,9.8065,-0.1956,0.1693,-0.1468,-19.37,-35.5,0.69,260.25,-85.78,174.89
58078.8,58078.80017,9,58078.8,52.2019868,-2.2002274,35.186,75.248,73.98,-0.4,0.1,0,35.45,35.86,35.33,35.50999,5.300018,35.58,0.1091399,0.07956004,0,4,3,1470,90,0,-0.1499939,0,13.7,12.75,23,52.20188,-2.201058,132.11,6.55,2,75.55,23 / 24,13954710,2020-01-08 16:07:58:304,2.8527,2.5001,10.6352,0.0008,-0.0211,9.8066,-0.1025,0.0273,0.1352,-19.19,-35.44,0.56,261.51,-86.23,175.36
58078.9,58078.90017,9,58078.9,52.2019891,-2.2002133,35.798,74.582,73.94,-0.39,0.1,0,35.89999,36.31999,35.89999,36.2,4.700012,35.96,0.08976007,0.07956004,0,4,3,1496,90,0,-0.1499939,0,13.7,12.75,23.5,52.20188,-2.201058,132.11,6.55,2,75.55,23 / 24,13954810,2020-01-08 16:07:58:404,0.6199,-0.4161,8.2481,0.0344,0.01,9.8065,-0.132,-0.0582,0.063,-19,-35.37,-0.12,266.02,-86.36,-177.28
58079,58079.00017,9,58079,52.2019916,-2.200199,36.335,74.446,73.89,-0.41,0.1,0,36.59999,36.89,36.31,36.64,3.5,36.51,0.08976007,0.04997993,0,4,3,1558,90,0,-0.1499939,0,13.7,12.75,23.5,52.20188,-2.201058,132.11,6.55,2,75.55,23 / 24,13954910,2020-01-08 16:07:58:504,2.6472,1.5456,10.3914,0.0253,-0.0165,9.8066,0.0086,0.1135,-0.153,-18.44,-35.5,-0.37,267.07,-86.18,-175.49
58079.1,58079.10017,9,58079.1,52.2019941,-2.2001848,36.27,73.734,73.83,-0.42,0.1,2.299988,37.2,37.44,37.00999,37.02,2.399994,37.09,0.09995985,0.01937985,0,4,3,1556,90,0,-0.1499939,0,13.7,12.75,23.5,52.20188,-2.201058,132.11,6.55,2,75.55,23 / 24,13955010,2020-01-08 16:07:58:604,-0.216,-0.1461,8.9193,0.015,0.0297,9.8066,-0.1027,-0.0574,0.1126,-19.06,-36.12,-1,261.46,-86.13,-178.28
58079.2,58079.19917,9,58079.2,52.2019966,-2.2001703,36.997,74.036,73.79,-0.41,0.1,5.5,37.69,37.73,37.55,37.61,1.200012,37.57,0.09995985,0.02957988,0,4,3,1563,90,0,0.07998657,0,13.7,12.75,23.5,52.20188,-2.201058,132.11,6.55,2,75.55,23 / 24,13955109,2020-01-08 16:07:58:703,0.3087,3.2673,10.4761,0.0229,-0.0014,9.8066,0.0368,0.0477,-0.115,-18.06,-36.06,-0.62,261.47,-86.13,-177.7
58079.3,58079.30017,9,58079.3,52.2019994,-2.2001557,37.598,72.879,73.74,-0.42,0.1,7.299988,38.12,38.06999,38.12999,37.84,0.8000183,38.06,0.09995985,0,0,4,3,1619,90,0,0.08999634,0,13.7,12.75,23.5,52.20188,-2.201058,132.11,6.55,2,75.55,23 / 24,13955210,2020-01-08 16:07:58:804,1.0337,-1.805,10.6962,0.0201,0.0592,9.8064,0.0525,-0.172,0.2063,-17.75,-35.69,-0.69,259.11,-85.79,-179.44
58079.4,58079.40017,9,58079.4,52.202002,-2.2001407,38.095,73.983,73.69,-0.43,0.1,7.799988,38.53999,38.52,38.55,38.42,0.5,38.48,0.1091399,0,0,4,3,1632,90,0,-0.1400146,0,13.7,12.75,24,52.20188,-2.201058,132.11,6.55,2,75.55,23 / 23,13955310,2020-01-08 16:07:58:904,0.4239,-1.3414,10.8597,0.045,-0.0196,9.8065,-0.0026,0.1772,-0.0548,-18.06,-35.69,-0.44,263.26,-85.43,-177.63
58079.5,58079.49917,9,58079.5,52.2020047,-2.2001256,38.754,73.353,73.64,-0.43,0.1,9.599976,39.06,39.05,39.00999,39,-0.1000061,38.98,0.09995985,0.01937985,0,4,3,1651,90,0,-0.1400146,0,13.7,12.75,25,52.20188,-2.201058,132.11,6.55,2,75.55,23 / 23,13955409,2020-01-08 16:07:59:003,1.909,-0.7258,9.8784,0.0163,-0.032,9.8065,0.0014,-0.0981,0.0533,-18.44,-35.69,-1.19,262.94,-85.13,-174.18
58079.6,58079.60017,9,58079.6,52.2020075,-2.2001104,38.984,73.078,73.6,-0.43,0.1,11.20001,39.59999,39.50999,39.5,39.17999,-0.1000061,39.82,0.07956004,-0.01938009,0,4,3,1674,90,0,-0.1400146,0,13.7,12.75,25.5,52.20188,-2.201058,132.11,6.55,2,75.55,23 / 23,13955510,2020-01-08 16:07:59:104,1.0393,0.7991,9.6438,-0.0088,0.0038,9.8066,0.0075,-0.058,0.0619,-18.25,-34.94,-0.62,267.19,-85.15,-170.17
58079.7,58079.70017,9,58079.7,52.2020103,-2.2000949,39.445,73.69,73.56,-0.43,0.1,14.29999,40.09,40.06999,39.95,39.67999,-0.3999939,40.11,0.09995985,-0.01938009,0,4,3,1688,90,0,0.08999634,0,13.7,12.75,26,52.20188,-2.201058,132.11,6.55,2,75.55,23 / 23,13955610,2020-01-08 16:07:59:204,1.6802,1.2744,9.8639,-0.0178,0.0008,9.8066,-0.0454,0.0325,-0.0879,-19.12,-35.5,-0.31,273.38,-85.26,-167.84
58079.8,58079.79917,9,58079.8,52.202013,-2.2000794,39.773,73.717,73.52,-0.42,0.1,19,40.62,40.52,40.12999,39.78999,-0.8999939,40.47,0.09995985,-0.009180069,0,4,3,1720,90,0,-0.1400146,0,13.7,12.75,26,52.20188,-2.201058,132.11,6.55,2,75.55,23 / 23,13955709,2020-01-08 16:07:59:303,-3.7418,-2.462,9.5617,-0.0139,-0.0035,9.8066,0.2377,0.4642,-0.1695,-18.81,-35,0,276.77,-85.49,-164.91
58079.9,58079.90017,9,58079.9,52.2020159,-2.2000636,40.374,73.252,73.46,-0.44,0.1,23.20001,41.19,41.05,41.02,40.77,-2.199982,40.72,0.1091399,-0.06936002,0,4,3,1734,90,0,0.08999634,0,13.7,12.75,26,52.20188,-2.201058,132.11,6.55,2,75.55,23 / 23,13955810,2020-01-08 16:07:59:404,2.1939,1.5826,8.2734,0.0755,-0.0554,9.8062,0.1625,0.3151,-0.4327,-18.75,-34.81,-1.5,271.18,-84.89,-166.33
58080,58080.00017,9,58080,52.2020188,-2.2000476,40.979,73.4,73.43,-0.41,0.1,23.70001,41.67,41.42999,41.75,41.09,-3.699982,41.33,0.1091399,-0.1091399,0,4,3,1735,90,0,0.08999634,0,13.7,12.75,26,52.20188,-2.201058,132.11,6.55,2,75.55,23 / 23,13955910,2020-01-08 16:07:59:504,0.2302,-3.5281,5.8944,-0.0558,-0.0928,9.806,0.0478,0.0165,-0.0706,-18.94,-35.25,-0.19,269.7,-84.81,-170.67
58080.1,58080.10017,9,58080.1,52.2020217,-2.2000314,41.436,73.839,73.41,-0.39,0.1,22.79999,42.23999,41.89,42.11,41.66,-3.600006,41.86,0.09995985,-0.07956004,0,4,3,1771,90,0,0.08999634,0,13.7,12.75,26,52.20188,-2.201058,132.11,6.55,2,75.55,23 / 23,13956010,2020-01-08 16:07:59:604,4.0557,-1.2209,8.7915,-0.0719,-0.0841,9.806,0.3293,0.6433,0.1019,-19.06,-34.62,-0.06,278.77,-84.78,-161.63
58080.2,58080.20017,9,58080.2,52.2020243,-2.200015,41.656,74.77,73.36,-0.4,0.1,19,42.53,42.25,42.45,42.06999,-3,42.35,0.09995985,-0.08976007,0,4,3,1769,90,0,-0.1400146,0,13.8,12.75,26,52.20188,-2.201058,132.11,6.55,2,75.55,23 / 23,13956110,2020-01-08 16:07:59:704,2.7682,-6.0503,11.1119,-0.0291,0.0095,9.8065,0.0984,-0.2971,0.3191,-19.75,-34.44,-0.25,282.29,-84.11,-157.78
58080.3,58080.29917,9,58080.3,52.202027,-2.1999983,42.372,75.06,73.34,-0.36,0.1,12.59998,42.84999,42.70999,42.73999,42.25,-2,42.74,0.09995985,-0.03978014,0,4,3,1791,90,0,0.08999634,0,13.7,12.75,26,52.20188,-2.201058,132.11,6.55,2,75.55,23 / 23,13956209,2020-01-08 16:07:59:803,0.0381,0.4815,11.0426,0.006,-0.0999,9.8061,0.0916,0.0026,-0.1867,-19.87,-34.69,-0.06,283.93,-84.06,-155.82
58080.4,58080.40017,9,58080.4,52.2020297,-2.1999815,42.797,75.456,73.31,-0.35,0.1,11.5,43.12999,43.19,43.33,42.95,-0.2999878,43.05,0.08976007,0,0,4,3,1816,90,0,-0.1499939,0,13.8,12.75,26,52.20201,-2.200019,131.08,11.71,3,75.32,23 / 23,13956310,2020-01-08 16:07:59:904,0.1754,4.3407,10.0133,-0.0011,0.0914,9.8061,-0.1192,-0.5242,0.6238,-19.69,-34.06,0,285.93,-83.8,-153.75
58080.5,58080.50017,9,58080.5,52.2020323,-2.1999644,43.142,75.484,73.27,-0.36,0.1,10.89996,43.75,43.69,43.55,43.37999,-0.3999939,43.56,0.08976007,0,0,4,3,1846,90,0,0.07998657,0,13.8,12.75,26,52.20201,-2.200019,131.08,11.71,3,75.32,23 / 23,13956410,2020-01-08 16:08:00:004,1.8127,-4.142,10.4692,0.0492,-0.0652,9.8062,0.009,0.2922,-0.3622,-19.25,-34.94,0.69,283.29,-83.94,-158.69
58080.6,58080.59917,9,58080.6,52.202035,-2.1999473,43.524,75.575,73.25,-0.34,0.1,10.5,44.05,44.12,44,43.66,-0.1999817,43.95,0.08976007,0,0,4,3,1899,90,0,-0.1499939,0,13.7,12.75,26,52.20201,-2.200019,131.08,11.71,3,75.32,23 / 23,13956509,2020-01-08 16:08:00:103,-0.8179,0.4655,8.6599,0.0117,0.0541,9.8064,-0.0923,0.2784,-0.0391,-18.25,-34.25,0.88,281.79,-83.75,-159.65
58080.7,58080.70017,9,58080.7,52.2020378,-2.1999301,43.891,75.141,73.24,-0.31,0.1,8.700012,44.31,44.36,44.19,44.02,-0.2999878,44.36,0.1091399,0,0,4,3,1894,90,0,0.07998657,0,13.7,12.75,26,52.20201,-2.200019,131.08,11.71,3,75.32,23 / 23,13956610,2020-01-08 16:08:00:204,1.508,-1.2316,11.7852,-0.0039,-0.025,9.8065,0.1904,0.188,-0.1625,-18.56,-33.5,1.75,284.11,-83.81,-161.36
58080.8,58080.79917,9,58080.8,52.2020406,-2.1999127,44.161,75.102,73.21,-0.29,0.1,5.799988,44.64,44.66,44.52,44.59999,0.2000122,44.6,0.09995985,0.01937985,0,4,3,1906,90,0,-0.1499939,0,13.8,12.75,26,52.20201,-2.200019,131.08,11.71,3,75.32,23 / 23,13956709,2020-01-08 16:08:00:303,2.5243,3.9782,11.2002,-0.0214,-0.0681,9.8064,0.1737,0.3426,-0.3336,-19,-33.75,1.5,284.07,-83.72,-160.9
58080.9,58080.90017,9,58080.9,52.2020434,-2.1998949,45.09,75.559,73.19,-0.28,0.1,2.899963,45.03,45.08,44.98999,44.81999,1.200012,44.9,0.08976007,0.04997993,0,4,3,1917,90,0,-0.1499939,0,13.7,12.75,26,52.20201,-2.200019,131.08,11.71,3,75.32,23 / 23,13956810,2020-01-08 16:08:00:404,0.3509,1.3754,9.5224,0.0138,0.0191,9.8066,-0.0296,-0.198,0.2049,-19.94,-34.19,1.5,280.48,-83.42,-164.1
58081,58081.00017,9,58081,52.2020463,-2.1998771,45.378,74.964,73.17,-0.27,0.1,0.8999634,45.47,45.56999,45.42,45.17999,1.600006,45.29,0.07956004,0.0397799,0,4,3,1942,90,0,0.07998657,0,13.7,12.75,26,52.20201,-2.200019,131.08,11.71,3,75.32,23 / 23,13956910,2020-01-08 16:08:00:504,0.6586,3.511,9.0298,-0.0157,-0.0303,9.8065,0.0093,0.0542,-0.0716,-18.69,-33.87,1.75,282.25,-83.35,-161.98
58081.1,58081.10017,9,58081.1,52.2020492,-2.1998593,45.328,75.125,73.15,-0.26,0.1,0.7000122,45.77,45.97,45.58,45.7,1.700012,45.84,0.07956004,0.0397799,0,4,3,2005,90,0,-0.1499939,0,13.7,12.75,26,52.20201,-2.200019,131.08,11.71,3,75.32,23 / 23,13957010,2020-01-08 16:08:00:604,0.6271,2.6515,8.5108,-0.0514,0.0242,9.8064,-0.0403,-0.3688,0.1974,-19.5,-34.75,0.25,275.8,-83.38,-161.89
58081.2,58081.20017,9,58081.2,52.2020522,-2.1998414,45.493,74.886,73.11,-0.27,0.1,0.5,46.17,46.36,45.84999,45.86,2.200012,46.26,0.07956004,0.0397799,0,4,3,2017,90,0,0.07998657,0,13.8,12.75,26,52.20201,-2.200019,131.08,11.71,3,75.32,23 / 23,13957110,2020-01-08 16:08:00:704,0.7827,-3.433,10.2835,-0.0384,0.0172,9.8065,0.0811,-0.2671,0.2149,-19.19,-34.94,1.06,280.35,-83.87,-161.4
58081.3,58081.30017,9,58081.3,52.2020552,-2.1998233,46.094,74.472,73.11,-0.24,0.1,0,46.58,46.7,46.47,46.28999,2.200012,46.41,0.09995985,0.02957988,0,4,3,2024,90,0,-0.1499939,0,13.7,12.75,26,52.20201,-2.200019,131.08,11.71,3,75.32,23 / 23,13957210,2020-01-08 16:08:00:804,-0.2486,1.8108,10.3964,0.0135,0.0394,9.8066,0.0158,-0.1016,0.1066,-19.31,-35,0.5,280.08,-83.69,-161.32
58081.4,58081.40017,9,58081.4,52.2020584,-2.1998052,46.307,74.148,73.1,-0.22,0.1,0,46.84999,46.95999,46.78,46.84,2.5,46.75,0.09995985,0.04997993,0,4,3,2037,90,0,-0.1400146,0,13.7,12.75,26,52.20201,-2.200019,131.08,11.71,3,75.32,23 / 23,13957310,2020-01-08 16:08:00:904,0.5697,-2.7068,9.8818,0.0362,0.0339,9.8065,-0.0604,-0.297,0.2287,-19.31,-34.87,0.75,276.87,-83.35,-163.8
58081.5,58081.49917,9,58081.5,52.2020615,-2.1997869,46.822,74.447,73.09,-0.19,0.1,0,47.05,47.34,47.00999,46.95999,3.399994,47.16,0.09995985,0.05915999,0,4,3,2024,90,0,-0.1400146,0,13.7,12.75,26,52.20201,-2.200019,131.08,11.71,3,75.32,23 / 23,13957409,2020-01-08 16:08:01:003,1.7883,2.3025,10.638,0.0227,0.0219,9.8066,-0.048,0.0517,0.039,-19.06,-35.12,1.94,280.7,-83.11,-162.67
58081.6,58081.59917,9,58081.6,52.2020647,-2.1997683,47.34,74.2,73.08,-0.18,0.1,0,47.5,47.83,47.25999,47.48,4.300018,47.47,0.08976007,0.12954,0,4,3,2047,90,0,-0.1400146,0,13.7,12.75,26,52.20201,-2.200019,131.08,11.71,3,75.32,23 / 23,13957509,2020-01-08 16:08:01:103,1.1036,-0.1585,8.6944,0.0143,0.0392,9.8065,-0.1184,-0.0184,0.1669,-19.94,-34.12,1.06,275.86,-82.93,-164.87
58081.7,58081.70017,9,58081.7,52.2020679,-2.1997498,47.398,74.052,73.08,-0.15,0.1,0,47.8,48.17,47.64999,47.78,5.200012,47.84,0.07956004,0.13974,0,4,3,2059,90,0,-0.1400146,0,13.8,12.75,26,52.20201,-2.200019,131.08,11.71,3,75.32,23 / 23,13957610,2020-01-08 16:08:01:204,0.5087,-0.7164,9.7229,0.0399,0.0608,9.8063,-0.2386,0.0483,-0.018,-20.12,-35.06,0.44,274.01,-83.1,-163.77
58081.8,58081.80017,9,58081.8,52.2020715,-2.1997313,47.65,72.68,73.08,-0.13,0.1,0.7000122,48.09,48.33,47.77,48.17,3.800018,48.12,0.1091399,0.1091399,0,4,3,2063,90,0,-0.1400146,0,13.7,12.75,26,52.20201,-2.200019,131.08,11.71,3,75.32,23 / 23,13957710,2020-01-08 16:08:01:304,-0.1131,0.8147,8.2086,0.0388,0.0267,9.8065,-0.2544,0.0218,-0.0518,-20.5,-34.44,0.94,271.9,-83.11,-169.11
58081.9,58081.90017,9,58081.9,52.2020751,-2.1997127,48.168,72.187,73.08,-0.11,0.1,4.5,48.41,48.59,48.3,48.42,1.899994,48.42,0.1091399,0.04997993,0,4,3,2068,90,0,-0.1400146,0,13.7,12.75,26.5,52.20201,-2.200019,131.08,11.71,3,75.32,23 / 23,13957810,2020-01-08 16:08:01:404,1.0149,-0.0477,12.4135,0.0516,0.0174,9.8064,-0.0126,0.3168,-0.1452,-19.75,-33.56,2.06,270.74,-82.9,-172.8
58082,58081.99917,9,58082,52.2020789,-2.1996939,48.683,71.852,73.1,-0.07,0.1,6.399963,48.92,48.92,48.69,48.53,1,48.71,0.08976007,0,0,4,3,2056,90,0,-0.1400146,0,13.7,12.75,26.5,52.20201,-2.200019,131.08,11.71,3,75.32,23 / 23,13957909,2020-01-08 16:08:01:503,0.6356,1.5861,8.6597,0.0763,-0.0211,9.8063,-0.1428,0.3287,-0.137,-19.06,-33.94,1.69,269.92,-82.77,-173.03
58082.1,58082.09917,9,58082.1,52.2020827,-2.1996752,48.42,71.5,73.09,-0.07,0.1,9.399963,49.06,49.16,48.97,48.81,0.8000183,49.07,0.08976007,-0.03978014,0,4,3,2093,90,0,-0.1400146,0,13.7,12.75,27.5,52.20201,-2.200019,131.08,11.71,3,75.32,23 / 23,13958009,2020-01-08 16:08:01:603,1.3988,-0.6981,11.7274,0.0197,-0.0797,9.8063,0.0506,0.3273,-0.2,-19.31,-34.56,1.38,266.69,-82.72,-172.78
58082.2,58082.19917,9,58082.2,52.2020864,-2.1996563,48.946,72.126,73.11,-0.04,0.1,11.29999,49.37,49.56999,49.09,49.11,-0.1999817,49.3,0.1091399,-0.03978014,0,4,3,2096,90,0,-0.1400146,0,13.7,12.75,28,52.20201,-2.200019,131.08,11.71,3,75.32,23 / 23,13958109,2020-01-08 16:08:01:703,-0.775,2.496,9.9998,0.0335,-0.0446,9.8064,-0.0581,0.1692,0.0154,-18.87,-34.37,1.69,275.1,-82.54,-167.44
58082.3,58082.30017,9,58082.3,52.2020903,-2.1996372,49.504,71.732,73.13,-0.01,0.1,9.700012,49.62,49.75999,49.73,49.31999,-0.1000061,49.51,0.1091399,-0.03978014,0,4,3,2072,90,0,0.08999634,0,13.7,12.75,28,52.20201,-2.200019,131.08,11.71,3,75.32,23 / 23,13958210,2020-01-08 16:08:01:804,2.7448,0.5122,11.3807,0.024,-0.0194,9.8065,0.1648,0.2754,-0.1096,-18.62,-34.25,1.06,274.26,-82.2,-164.59
58082.4,58082.40017,9,58082.4,52.2020941,-2.1996179,49.828,72.004,73.14,0.01,0.1,6.899963,50.09,50.09999,49.81999,49.50999,-0.1000061,49.87,0.08976007,0,0,4,3,2077,90,0,-0.1400146,0,13.7,12.75,28,52.20201,-2.200019,131.08,11.71,3,75.32,23 / 23,13958310,2020-01-08 16:08:01:904,0.9559,1.6212,8.983,0.0505,-0.0151,9.8065,-0.0825,0.1676,-0.026,-19.06,-33.69,0.94,273.22,-81.85,-164.94
58082.5,58082.49917,9,58082.5,52.202098,-2.1995987,49.788,71.616,73.15,0.02,0.1,6.200012,50.3,50.44,50.06,49.81999,0.6000061,50.33,0.08976007,0.01937985,0,4,3,2087,90,0,0.08999634,0,13.7,12.75,28,52.20201,-2.200019,131.08,11.71,3,75.32,23 / 23,13958409,2020-01-08 16:08:02:003,0.6257,-4.0688,6.203,-0.0789,-0.0237,9.8063,0.4291,0.4864,0.0384,-20.19,-33.44,0.81,275.08,-81.76,-163.97
58082.6,58082.60017,9,58082.6,52.2021018,-2.1995792,50.119,72.271,73.15,0.02,0.1,6.5,50.61,50.67,50.36,50.37,0.7000122,50.59,0.09995985,0.009180069,0,4,3,2086,90,0,-0.1400146,0,13.7,12.75,28,52.20201,-2.200019,131.08,11.71,3,75.32,23 / 23,13958510,2020-01-08 16:08:02:104,-1.4648,1.0659,8.0214,-0.0036,-0.1419,9.8056,-0.013,0.561,-0.7906,-19.81,-31.94,1.13,279.38,-81.9,-160.43
58082.7,58082.70017,9,58082.7,52.2021058,-2.1995597,50.612,71.469,73.17,0.05,0.1,6.5,50.95999,50.95999,50.8,50.59,0.5,50.84,0.1091399,0,0,4,3,2092,90,0,-0.1400146,0,13.7,12.75,28,52.20201,-2.200019,131.08,11.71,3,75.32,23 / 23,13958610,2020-01-08 16:08:02:204,0.4717,-3.1139,11.8228,0.0035,-0.175,9.805,0.3379,0.5836,-0.9089,-20.62,-32.06,1.31,273.81,-82.02,-166.58
58082.8,58082.80017,9,58082.8,52.2021098,-2.1995401,50.825,71.539,73.18,0.06,0.1,6.599976,51.19,51.28999,51.17999,50.75999,0.6000061,51.16,0.09995985,-0.03978014,0,4,3,2076,90,0,0.08999634,0,13.7,12.75,28,52.20201,-2.200019,131.08,11.71,3,75.32,23 / 23,13958710,2020-01-08 16:08:02:304,0.7897,4.6171,10.7893,0.0127,-0.0136,9.8066,0.0701,0.2319,0.1048,-20.81,-32,1,276.46,-81.83,-163.66
58082.9,58082.90017,9,58082.9,52.2021137,-2.1995202,51.422,72.156,73.21,0.08,0.1,6.599976,51.51999,51.53,51.42,51.25999,0.7000122,51.38,0.09995985,-0.03978014,0,4,3,2097,90,0,0.08999634,0,13.7,12.75,28,52.20201,-2.200019,131.08,11.71,3,75.32,23 / 23,13958810,2020-01-08 16:08:02:404,1.5457,2.5367,11.051,-0.0241,-0.0549,9.8065,0.1228,0.4014,-0.0437,-20.44,-33.19,0.69,279.98,-81.59,-158.9
58083,58083.00017,9,58083,52.2021177,-2.1995004,51.25,71.705,73.22,0.09,0.1,7.099976,51.87999,51.98999,51.64,51.92999,1.100006,51.67,0.08976007,0.009180069,0,4,3,2104,90,0,-0.1400146,0,13.7,12.75,28.5,52.20201,-2.200019,131.08,11.71,3,75.32,23 / 23,13958910,2020-01-08 16:08:02:504,-0.7278,0.8423,9.4238,0.0028,-0.0214,9.8066,-0.1092,0.1464,-0.1979,-21.06,-33.31,1.19,281.77,-81.54,-157.62
58083.1,58083.10017,9,58083.1,52.2021217,-2.1994804,51.833,71.657,73.23,0.1,0.1,7.099976,52.17999,52.23,52.14999,51.25,0.6000061,52.14,0.09995985,0,0,4,3,2117,90,0,-0.1400146,0,13.7,12.75,28.5,52.20201,-2.200019,131.08,11.71,3,75.32,23 / 23,13959010,2020-01-08 16:08:02:604,1.1301,-0.1265,13.2858,0.0832,0.0117,9.8062,-0.2895,0.1304,-0.2198,-19.69,-33.62,1.38,280.72,-81.95,-158.4
58083.2,58083.20017,9,58083.2,52.2021259,-2.1994604,51.833,71.364,73.25,0.11,0.1,7.200012,52.41,52.39999,52.28,51.95,0,52.37,0.09995985,0,0,4,3,2115,90,0,-0.1400146,0,13.7,12,28.5,52.20201,-2.200019,131.08,11.71,3,75.32,23 / 23,13959110,2020-01-08 16:08:02:704,1.6721,-5.4963,8.1622,0.091,0.1166,9.8054,-0.4448,-0.2939,0.3001,-20.06,-33.06,0.81,276.07,-81.71,-162.91
58083.3,58083.30017,9,58083.3,52.2021301,-2.1994404,52.175,70.913,73.29,0.14,0.1,7.200012,52.64999,52.73,52.61,52.47,0.8999939,52.59,0.09995985,0,0,4,3,2127,90,0,0.08999634,0,13.7,12,28.5,52.20201,-2.200019,131.08,11.71,3,75.32,23 / 23,13959210,2020-01-08 16:08:02:804,2.2886,-2.2,11.4528,0.0145,-0.0714,9.8063,0.1602,0.5112,-0.2263,-20.12,-33.87,1.25,279.59,-81.45,-158.59
58083.4,58083.40117,9,58083.4,52.2021343,-2.1994201,52.664,71.381,73.31,0.17,0.1,7.299988,52.70999,53,52.86,52.67999,1.100006,52.81,0.09995985,-0.02958012,0,4,3,2136,90,0,-0.1400146,0,13.7,12,28.5,52.20201,-2.200019,131.08,11.71,3,75.32,23 / 23,13959311,2020-01-08 16:08:02:905,1.5116,1.3182,11.5983,0.0041,-0.0449,9.8065,0.183,0.069,-0.1107,-20.25,-34.12,1.63,283.02,-81.35,-158.03
58083.5,58083.50017,9,58083.5,52.2021385,-2.1993999,52.578,71.192,73.35,0.19,0.1,7.700012,53.06999,53.23,53.06,52.97,0.7000122,53.09,0.09995985,-0.02958012,0,4,3,2147,90,0,0.08999634,0,13.7,12,21.5,52.20201,-2.200019,131.08,11.71,3,75.32,23 / 23,13959410,2020-01-08 16:08:03:004,-0.1397,1.1784,8.5911,-0.0228,-0.0473,9.8065,0.1291,-0.0671,-0.0409,-20.31,-34.62,1.69,281.73,-80.93,-158.06
58083.6,58083.60017,9,58083.6,52.2021427,-2.1993795,52.952,71.317,73.38,0.21,0.1,9.099976,53.36,53.45999,53.25,53.06999,0.3000183,53.34,0.08976007,-0.04997993,0,4,3,2149,90,0,0.08999634,0,13.7,12,17.5,52.20201,-2.200019,131.08,11.71,3,75.32,23 / 23,13959510,2020-01-08 16:08:03:104,0.0382,-2.5421,11.4513,-0.068,0.0225,9.8064,0.2186,-0.1859,0.2104,-20.87,-34.69,2.44,284.89,-80.95,-155.58
58083.7,58083.70017,9,58083.7,52.2021469,-2.1993591,52.88,71.404,73.42,0.23,0.1,12.70001,53.42,53.48,53.25,53.03,0,53.42,0.08976007,-0.05915999,0,5,3,2148,90,0,-0.1400146,0,13.8,12,15.5,52.20201,-2.200019,131.08,11.71,3,75.32,23 / 23,13959610,2020-01-08 16:08:03:204,-1.0248,-2.5406,10.4639,0.037,-0.0283,9.8065,-0.0158,0.688,-0.2462,-21.19,-34.69,1.81,285.24,-80.74,-154.9
58083.8,58083.80017,9,58083.8,52.2021512,-2.1993386,53.377,71.424,73.49,0.3,0.1,16.39996,53.44,53.28,53.45,53.2,-0.7999878,53.3,0.06936002,-0.07956004,0,5,3,2154,90,0,-0.1400146,0,13.8,12,15.5,52.20201,-2.200019,131.08,11.71,3,75.32,23 / 23,13959710,2020-01-08 16:08:03:304,-0.9145,5.9094,9.9935,0.0223,-0.0417,9.8065,0.0821,0.2881,-0.4189,-20.5,-34.06,2.44,284.21,-80.44,-155.29
58083.9,58083.90017,9,58083.9,52.2021553,-2.1993179,53.604,71.758,73.56,0.34,0.1,16.39996,53.42999,53.2,53.51999,53.22,-2.199982,53.42,0.04997993,-0.06936002,0,5,3,2148,90,0,-0.1400146,0,13.7,12,15.5,52.20201,-2.200019,131.08,11.71,3,75.32,23 / 23,13959810,2020-01-08 16:08:03:404,-0.4786,1.2583,9.6053,0.0382,-0.0021,9.8065,-0.0394,0.2602,-0.1895,-20.31,-34.37,1.94,279.38,-80.08,-159.23
58084,58084.00017,9,58084,52.2021596,-2.1992975,53.122,71.438,73.63,0.39,0.1,16.09998,53.28,52.98,53.51999,53.23,-2.399994,53.34,0.0397799,-0.04997993,0,5,3,2150,90,0,-0.1400146,0,13.8,12,15.5,52.20201,-2.200019,131.08,11.71,3,75.32,23 / 23,13959910,2020-01-08 16:08:03:504,-0.5352,2.7028,10.3215,-0.0005,0.0138,9.8066,0.0591,0.3072,-0.2166,-19.44,-34.56,2.38,277.07,-80.11,-160.35
58084.1,58084.10017,9,58084.1,52.2021637,-2.1992769,53.341,71.924,73.69,0.42,0.1,15.5,53.09,52.91,53.34,52.94,-1.899994,53.13,0.02957988,-0.04997993,0,5,3,2162,90,0,0.08999634,0,13.8,12,15.5,52.20201,-2.200019,131.08,11.71,3,75.32,23 / 23,13960010,2020-01-08 16:08:03:604,0.0975,-1.2036,10.5279,0.007,-0.0057,9.8066,0.1025,-0.1129,-0.0417,-19.44,-34.62,2.81,278.58,-80.22,-162.22
58084.2,58084.20017,9,58084.2,52.2021678,-2.1992563,53.363,72.089,73.76,0.45,0.1,14.20001,53,52.92999,53.22,52.47,-1.699982,53.02,0.009180069,-0.05915999,0,5,3,2187,90,0,-0.1400146,0,13.6,12,15.5,52.20201,-2.200019,131.08,11.71,3,75.32,23 / 23,13960110,2020-01-08 16:08:03:704,0.7198,5.1615,9.9163,0.0016,-0.0476,9.8065,0.2916,0.6391,-0.1567,-19.81,-34.31,2.69,280.09,-80.12,-161.54
58084.3,58084.30017,9,58084.3,52.2021719,-2.1992358,53.042,71.977,73.83,0.47,0.1,12,52.89999,52.76999,52.97,52.31999,-1.199982,52.85,0.009180069,-0.06936002,0,5,3,2210,90,0,-0.1400146,0,13.7,12,15,52.20201,-2.200019,131.08,11.71,3,75.32,23 / 23,13960210,2020-01-08 16:08:03:804,-0.7757,-4.151,8.6982,-0.0028,0.0112,9.8066,-0.1234,-0.3749,0.3084,-19.5,-34.81,1.94,276.38,-79.82,-160.45
58084.4,58084.40017,9,58084.4,52.2021759,-2.1992153,53.017,72.194,73.88,0.48,0.1,11.39996,52.86,52.7,52.84,52.62,-0.6999817,52.71,0.009180069,-0.04997993,0,5,3,2197,90,0,-0.1400146,0,13.7,12,13,52.20201,-2.200019,131.08,11.71,3,75.32,24 / 24,13960310,2020-01-08 16:08:03:904,-1.745,-2.3121,8.6562,0.0103,-0.0907,9.8062,-0.0751,-0.1582,-0.0731,-20.31,-34.56,2.81,282.2,-79.73,-158.31
58084.5,58084.49917,9,58084.5,52.2021801,-2.1991949,53.132,71.868,73.94,0.5,0.1,11.20001,52.73999,52.78999,52.95999,52.48999,-0.1000061,52.79,0,-0.05915999,0,5,3,2166,90,0,-0.1400146,0,13.7,12,12,52.20201,-2.200019,131.08,11.71,3,75.32,24 / 24,13960409,2020-01-08 16:08:04:003,-0.5283,-2.6724,8.438,-0.0384,-0.0195,9.8065,0.009,-0.0637,0.1773,-20.62,-34.37,2.56,284.68,-79.77,-156.99
58084.6,58084.60017,9,58084.6,52.202184,-2.1991746,52.373,72.46,74.01,0.52,0.1,11.20001,52.72,52.67999,52.59999,52.22,-0.1999817,52.76,0,-0.07956004,0,5,3,2135,90,0,-0.1400146,0,13.8,12,12,52.20201,-2.200019,131.08,11.71,3,75.32,24 / 24,13960510,2020-01-08 16:08:04:104,-1.5385,2.1728,9.1675,-0.0492,-0.0364,9.8064,0.009,0.185,-0.0779,-20.81,-33.94,2.63,288.68,-80.02,-153.7
58084.7,58084.69917,9,58084.7,52.2021881,-2.1991545,52.232,71.789,74.07,0.53,0.1,11.59998,52.48,52.47,52.25999,52.20999,-0.1000061,52.57,0,-0.03978014,0,5,3,2062,90,0,0.08999634,0,13.8,12,15.5,52.20201,-2.200019,131.08,11.71,3,75.32,24 / 24,13960609,2020-01-08 16:08:04:203,-1.9964,-0.531,9.617,-0.0139,-0.0082,9.8066,0.0815,-0.1212,-0.1208,-21.19,-34.56,2.13,286.18,-80.11,-152.93
58084.8,58084.80017,9,58084.8,52.2021919,-2.199134,52.51,72.983,74.13,0.54,0.1,11.59998,52.17999,52.16,52.39,52.06,0,52.11,0,-0.02958012,0,5,3,1977,90,0,-0.1400146,0,13.7,12,18,52.20201,-2.200019,131.08,11.71,3,75.32,24 / 24,13960710,2020-01-08 16:08:04:304,0.134,0.141,12.2579,-0.0119,-0.0045,9.8065,0.3022,-0.1081,0.0917,-21,-34.75,2,284.97,-80.1,-154.02
58084.9,58084.90017,9,58084.9,52.2021957,-2.1991137,52.448,73.17,74.21,0.57,0.1,11.59998,51.92,51.87,52.36,52.06,-0.2999878,51.91,0.009180069,-0.02958012,0,5,3,1845,90,0,0.08999634,0,13.7,12,19.5,52.20201,-2.200019,131.08,11.71,3,75.32,24 / 24,13960810,2020-01-08 16:08:04:404,-0.1016,0.6696,10.1709,0.0167,0.0662,9.8064,0.0186,-0.0217,0.2631,-20.81,-35.12,2.75,283.26,-79.69,-157.69
58085,58085.00017,9,58085,52.2021997,-2.1990934,52.459,72.656,74.28,0.58,0.1,11.5,51.92999,51.92999,51.97,51.69,-0.2999878,51.94,0.009180069,-0.04997993,0,5,3,1715,90,0,-0.1400146,0,13.8,12,21,52.20201,-2.200019,131.08,11.71,3,75.32,24 / 24,13960910,2020-01-08 16:08:04:504,1.5048,2.029,9.8914,0.0016,-0.0287,9.8065,0.0926,0.0765,-0.2549,-20.12,-34.75,2.88,283.1,-79.42,-156.87
58085.1,58085.09917,9,58085.1,52.2022035,-2.1990733,51.908,72.609,74.35,0.6,0.1,11.29999,51.95999,51.94,51.72,51.44,-0.2999878,51.97,0,-0.05915999,0,5,3,1824,90,0,0.08999634,0,13.7,12,22,52.20201,-2.200019,131.08,11.71,3,75.32,24 / 24,13961009,2020-01-08 16:08:04:603,-1.4796,0.9287,8.7629,-0.0313,-0.0708,9.8063,-0.0507,0.0926,-0.2825,-20.62,-35.12,3.19,281.97,-79.46,-158.5
58085.2,58085.20017,9,58085.2,52.2022075,-2.1990535,51.343,71.945,74.4,0.59,0.1,11.29999,51.83,51.84999,51.8,51.39,-0.1000061,51.91,0.01937985,-0.05915999,0,5,3,1999,90,0,0.08999634,0,13.8,12,23,52.20201,-2.200019,131.08,11.71,3,75.32,24 / 24,13961110,2020-01-08 16:08:04:704,-0.3258,-0.7932,10.7399,-0.0198,0.0167,9.8065,0.0326,0.0385,0.2028,-21.19,-34.75,2.38,281.52,-79.84,-156.81
58085.3,58085.30017,9,58085.3,52.2022113,-2.1990334,51.732,72.676,74.46,0.6,0.1,11.29999,51.86,51.78999,51.92999,51.67,-0.2999878,51.78,0.04997993,-0.04997993,0,5,3,2025,90,0,-0.1400146,0,13.7,12,23,52.20201,-2.200019,131.08,11.71,3,75.32,24 / 24,13961210,2020-01-08 16:08:04:804,-1.8157,-1.214,8.62,-0.0126,0.0349,9.8066,0.1663,0.1731,0.1527,-20.75,-34.37,3,286.16,-79.69,-155.48
58085.4,58085.40017,9,58085.4,52.2022151,-2.1990132,51.84,72.761,74.51,0.59,0.1,11.29999,51.94,52,52.01999,51.72,-0.3999939,51.93,0.05915999,-0.03978014,0,5,3,1980,90,0,0.08999634,0,13.7,12,23,52.20201,-2.200019,131.08,11.71,3,75.32,24 / 24,13961310,2020-01-08 16:08:04:904,-0.6217,1.9375,9.909,0.0254,-0.0554,9.8064,-0.0276,-0.0012,0.1514,-20.31,-34.31,3.31,284.76,-79.49,-156
58085.5,58085.50017,9,58085.5,52.2022193,-2.1989935,51.685,71.528,74.6,0.62,0.1,11.29999,52.03999,52.00999,51.87,51.5,-0.3999939,52.04,0.06936002,-0.02958012,0,5,3,1920,90,0,-0.1400146,0,13.7,12,23,52.20201,-2.200019,131.08,11.71,3,75.32,24 / 24,13961410,2020-01-08 16:08:05:004,0.8958,0.045,9.4555,-0.0051,-0.0193,9.8066,-0.0992,-0.0478,-0.0096,-20.19,-34.25,3.25,282.74,-79.61,-158.11
58085.6,58085.60017,9,58085.6,52.2022232,-2.1989733,52.049,72.468,74.68,0.64,0.1,10.20001,52.09,52.12999,52.08,51.7,-0.1999817,52.04,0.05915999,-0.03978014,0,5,3,1884,90,0,-0.1400146,0,13.7,12,23,52.20201,-2.200019,131.08,11.71,3,75.32,24 / 24,13961510,2020-01-08 16:08:05:104,-0.9735,-0.1589,10.7859,-0.0115,0.0272,9.8065,-0.0393,-0.1313,-0.0793,-20.94,-33.5,2.63,283.08,-79.8,-159.03
58085.7,58085.69917,9,58085.7,52.2022271,-2.1989531,51.984,72.541,74.74,0.64,0.1,7.799988,52.11,52.12999,52.08,51.75,-0.1000061,52.06,0.06936002,-0.02958012,0,5,3,1863,90,0,-0.1400146,0,13.8,12,17,52.20201,-2.200019,131.08,11.71,3,75.32,24 / 24,13961609,2020-01-08 16:08:05:203,1.3959,-1.3856,10.2916,0.0068,-0.0081,9.8066,0.0086,-0.29,0.2127,-20.31,-34.19,2.63,281.65,-79.66,-159.23
58085.8,58085.79917,9,58085.8,52.2022309,-2.1989329,52.002,72.531,74.81,0.64,0.1,7.399963,52.2,52.33,52.31,52.12,0.7000122,52.14,0.05915999,0,0,5,3,1820,90,0,-0.1400146,0,13.8,12,12.5,52.20201,-2.200019,131.08,11.71,3,75.32,24 / 24,13961709,2020-01-08 16:08:05:303,0.3283,1.9142,10.2738,-0.003,-0.0458,9.8065,0.0153,-0.0375,0.1351,-21.69,-34.19,2.88,282.91,-79.56,-158.7
58085.9,58085.90017,9,58085.9,52.2022348,-2.1989127,52.124,72.636,74.87,0.65,0.1,7.899963,52.34,52.22,52.26999,51.97,0.6000061,52.15,0.05915999,-0.01938009,0,5,3,1766,90,0,0.08999634,0,13.7,12,6,52.20201,-2.200019,131.08,11.71,3,75.32,24 / 24,13961810,2020-01-08 16:08:05:404,-1.588,-1.7877,8.3021,-0.0241,-0.0298,9.8065,-0.1012,-0.2645,0.0645,-20.69,-34.81,3.13,280.72,-79.62,-159.97
58086,58086.00017,9,58086,52.2022388,-2.1988926,52.034,72.205,74.95,0.66,0.1,8,52.03999,52.09,52.28999,51.92,0.3000183,52.17,0.05915999,-0.03978014,0,5,3,1731,90,0,-0.1400146,0,13.8,12,2.5,52.20201,-2.200019,131.08,11.71,3,75.32,24 / 24,13961910,2020-01-08 16:08:05:504,-0.3224,1.12,10.0164,-0.0021,-0.0068,9.8066,-0.0791,0.0434,0.0247,-20.75,-34.56,2.56,281.12,-79.6,-159.56
58086.1,58086.10017,9,58086.1,52.2022427,-2.1988723,52.232,72.523,75.02,0.67,0.1,8.399963,51.95,52.01999,51.97,51.84,0.3999939,51.99,0.0397799,-0.01938009,0,5,3,1686,90,0,-0.1400146,0,13.8,12,0,52.20201,-2.200019,131.08,11.71,3,75.32,24 / 24,13962010,2020-01-08 16:08:05:604,3.2138,2.6635,14.8873,0.0325,-0.0291,9.8065,0.4151,0.1455,0.0483,-20.94,-34.5,3.69,284.4,-79.41,-159.43
58086.2,58086.20017,9,58086.2,52.2022467,-2.198852,52.402,72.296,75.09,0.68,0.1,8.5,51.87,51.87,52,51.84,0.5,51.96,0.01937985,-0.02958012,0,5,3,1684,90,0,0.08999634,0,13.7,12,0,52.20201,-2.200019,131.08,11.71,3,75.32,24 / 24,13962110,2020-01-08 16:08:05:704,1.0394,-3.3567,7.7188,0.1076,0.0527,9.8059,-0.4364,-0.4672,0.3838,-21.12,-35,3.5,280.84,-79.09,-161.71
58086.3,58086.30017,9,58086.3,52.2022506,-2.1988319,51.977,72.347,75.15,0.67,0.1,8.599976,51.69,51.78,51.78999,51.73,0.3000183,51.83,0,0,0,5,3,1673,90,0,-0.1400146,0,13.8,12,0,52.20201,-2.200019,131.08,11.71,3,75.32,24 / 24,13962210,2020-01-08 16:08:05:804,-0.5528,-6.9872,7.5934,-0.0607,-0.1044,9.8058,-0.0633,-0.0863,0.0654,-20.62,-34.75,2.94,277.76,-79.46,-162.53
58086.4,58086.40017,9,58086.4,52.2022544,-2.1988119,51.491,72.603,75.21,0.66,0.1,9.200012,51.5,51.48,51.56999,51.5,0.3999939,51.71,0,0,0,5,3,1712,90,0,0.08999634,0,13.8,12,0,52.20201,-2.200019,131.08,11.71,3,75.32,23 / 24,13962310,2020-01-08 16:08:05:904,0.2095,-0.6267,11.3749,-0.0592,-0.0232,9.8064,-0.1778,-0.2698,0.3041,-21,-34.62,3.06,280.84,-79.95,-160.44
58086.5,58086.50017,9,58086.5,52.2022584,-2.198792,51.527,71.802,75.27,0.66,0.1,9.299988,51.25,51.25999,51.37,51.14999,0.2000122,51.4,0,-0.01938009,0,5,3,1751,90,0,0.08999634,0,13.8,12,0,52.20201,-2.200019,131.08,11.71,3,75.32,23 / 24,13962410,2020-01-08 16:08:06:004,-1.3145,-0.776,7.7658,-0.0003,-0.0002,9.8066,-0.2516,-0.0953,0.0434,-21.06,-34.37,3.19,280.37,-79.99,-161.46
58086.6,58086.59917,9,58086.6,52.2022623,-2.1987721,51.35,72.003,75.34,0.67,0.1,10.29999,51,50.95,51.17999,50.95,0,51.11,0,-0.01938009,0,5,3,1771,90,0,0.08999634,0,13.7,12,0,52.20201,-2.200019,131.08,11.71,3,75.32,23 / 24,13962509,2020-01-08 16:08:06:103,-2.3169,1.1587,9.1944,-0.0248,-0.0223,9.8066,0.1778,-0.0353,0.1491,-20.75,-34.06,2.44,277.18,-79.98,-161.74
58086.7,58086.70017,9,58086.7,52.2022662,-2.1987522,51.52,72.095,75.4,0.67,0.1,10.79999,50.92,50.86,51.09,50.87,-0.1000061,50.94,-0.009180069,-0.05915999,0,5,3,1763,90,0,0.08999634,0,13.8,12,0,52.20201,-2.200019,131.08,11.71,3,75.32,23 / 24,13962610,2020-01-08 16:08:06:204,-2.4092,-2.9307,7.067,0.0487,0.0003,9.8064,-0.1053,-0.2196,-0.0486,-21.19,-34,3.06,279.65,-79.74,-161.7
58086.8,58086.80017,9,58086.8,52.2022701,-2.1987324,51.03,72.095,75.46,0.66,0.1,11,50.84999,50.76999,50.87,50.64,-0.3999939,50.88,-0.01938009,-0.04997993,0,5,3,1719,90,0,-0.1400146,0,13.8,12,0,52.20201,-2.200019,131.08,11.71,3,75.32,23 / 24,13962710,2020-01-08 16:08:06:304,-0.635,3.8809,8.9293,-0.0274,-0.0215,9.8065,0.0939,0.0905,-0.4122,-21.06,-33.62,2.25,279.49,-79.93,-159.41
58086.9,58086.90017,9,58086.9,52.2022738,-2.1987129,50.364,72.446,75.5,0.63,0.1,11.5,50.55,50.56999,50.42,50.25,-0.1000061,50.75,-0.009180069,-0.03978014,0,5,3,1635,90,0,-0.1400146,0,13.7,12,0,52.20201,-2.200019,131.08,11.71,3,75.32,23 / 24,13962810,2020-01-08 16:08:06:404,0.7274,-0.5447,11.4323,0.0375,0.0196,9.8065,0.1505,-0.2427,0.3743,-21.25,-33.56,2.31,281.02,-80.22,-158.46
58087,58087.00017,9,58087,52.2022776,-2.1986932,50.63,72.336,75.56,0.63,0.1,12.59998,50.33,50.34,50.45,50.12999,-0.5,50.42,0,-0.02958012,0,5,3,1544,90,0,-0.1400146,0,13.8,12,0,52.20201,-2.200019,131.08,11.71,3,75.32,23 / 24,13962910,2020-01-08 16:08:06:504,-2.2174,1.3796,9.1203,0.0495,-0.0134,9.8064,0.1267,0.37,-0.141,-20.06,-34.12,1.25,275.96,-80.18,-159.83
58087.1,58087.10017,9,58087.1,52.2022815,-2.1986738,50.396,71.923,75.63,0.64,0.1,12.59998,50.02,50,50.31999,49.98999,-0.6999817,50.16,-0.009180069,-0.02958012,0,5,3,1490,90,0,-0.1400146,0,13.8,12,0,52.20201,-2.200019,131.08,11.71,3,75.32,23 / 24,13963010,2020-01-08 16:08:06:604,-1.4255,2.0802,12.0745,0.0382,0.0711,9.8063,0.358,0.1898,-0.2779,-19.94,-34.81,1.75,278.21,-80.37,-160.39
58087.2,58087.19917,9,58087.2,52.2022854,-2.1986543,50.386,71.717,75.7,0.64,0.1,12.39996,49.84,49.77,50.02,49.86,-0.8999939,49.83,-0.01938009,-0.01938009,0,5,3,1478,90,0,0.08999634,0,13.8,12,0,52.20201,-2.200019,131.08,11.71,3,75.32,23 / 24,13963109,2020-01-08 16:08:06:703,0.793,-3.8771,9.268,0.0681,0.0558,9.8062,-0.0532,0.3726,-0.2959,-20.12,-35.06,2.13,274.49,-80.02,-163.36
58087.3,58087.30017,9,58087.3,52.2022892,-2.198635,49.946,72.099,75.75,0.63,0.1,10.89996,49.59999,49.42,49.83,49.17,-0.6999817,49.62,-0.02958012,-0.08976007,0,5,3,1491,90,0,-0.1400146,0,13.8,12,0,52.20201,-2.200019,131.08,11.71,3,75.32,23 / 24,13963210,2020-01-08 16:08:06:804,-0.4835,-0.2229,12.014,-0.0375,0.0357,9.8065,0.1587,0.2867,-0.1476,-19.81,-35.56,2.38,274.68,-80.35,-163.29
58087.4,58087.40017,9,58087.4,52.2022929,-2.1986158,49.644,72.385,75.8,0.62,0.1,10.39996,49.34,49.31,49.33,49.12999,-0.2999878,49.38,-0.02958012,-0.02958012,0,5,3,1485,90,0,-0.1400146,0,13.8,12,0,52.20201,-2.200019,131.08,11.71,3,75.32,23 / 23,13963310,2020-01-08 16:08:06:904,0.1079,-4.195,8.6215,0.031,0.0159,9.8065,-0.2257,0.2343,-0.0012,-19.75,-35.87,2.06,275.23,-80.28,-162.61
58087.5,58087.50017,9,58087.5,52.2022966,-2.1985966,49.388,72.485,75.85,0.6,0.1,10.09998,49.14999,49.2,49.33,49.09,0.5,49.21,-0.03978014,-0.01938009,0,5,3,1483,90,0,-0.1400146,0,13.8,12,0,52.20201,-2.200019,131.08,11.71,3,75.32,23 / 23,13963410,2020-01-08 16:08:07:004,-0.8023,0.0827,9.2456,-0.0337,0.0158,9.8065,0.0995,0.3452,-0.3481,-20.44,-35.44,2.38,278.34,-80.43,-160.37
58087.6,58087.59917,9,58087.6,52.2023002,-2.1985775,49.133,72.8,75.88,0.57,0.1,10,48.89,48.89999,48.97,48.70999,-0.2999878,49.04,-0.02958012,0,0,5,3,1468,90,0,-0.1400146,0,13.8,12,0,52.20201,-2.200019,131.08,11.71,3,75.32,23 / 23,13963509,2020-01-08 16:08:07:103,0.2847,-2.5813,9.4942,-0.0215,0.084,9.8062,-0.1122,0.0121,-0.0982,-20.25,-35.5,2.63,279.92,-80.91,-162.67
58087.7,58087.70017,9,58087.7,52.2023037,-2.1985585,48.733,72.943,75.92,0.55,0.1,9.299988,48.70999,48.56,48.72,48.53999,-0.1999817,48.73,-0.02958012,0.01937985,0,5,3,1464,90,0,0.08999634,0,13.7,12,0,52.20201,-2.200019,131.08,11.71,3,75.32,23 / 23,13963610,2020-01-08 16:08:07:204,-1.7583,0.5428,8.7931,-0.0543,0.0268,9.8064,-0.167,0.1514,-0.1779,-19.56,-35.37,2.38,275.79,-81.36,-164.61
58087.8,58087.80017,9,58087.8,52.2023073,-2.1985396,48.787,72.509,75.95,0.52,0.1,8.700012,48.42,48.28999,48.53,48.31999,-0.1000061,48.43,-0.02958012,0.009180069,0,5,3,1455,90,0,-0.1400146,0,13.7,12,0,52.20201,-2.200019,131.08,11.71,3,75.32,23 / 23,13963710,2020-01-08 16:08:07:304,-0.8953,2.2803,11.4506,-0.023,-0.0149,9.8065,-0.0262,-0.3275,0.124,-19,-36.31,1.75,273.77,-81.36,-165.6
58087.9,58087.90017,9,58087.9,52.202311,-2.1985209,48.42,72.24,76.01,0.53,0.1,7,48.05,48.03999,48.33,48.06999,0.7000122,48.1,-0.02958012,-0.009180069,0,5,3,1434,90,0,-0.1400146,0,13.7,12,0,52.20201,-2.200019,131.08,11.71,3,75.32,23 / 23,13963810,2020-01-08 16:08:07:404,-2.1895,1.1843,8.4742,0.0218,-0.0339,9.8065,-0.0809,-0.2567,0.2103,-19.87,-35.94,2,272.97,-81.45,-167.12
58088,58088.00017,9,58088,52.2023145,-2.1985019,48.589,72.737,76.03,0.5,0.1,4.399963,47.73999,47.73999,48.03,47.89999,1.100006,47.78,-0.02958012,0.01937985,0,5,3,1426,90,0,0.08999634,0,13.8,12,0,52.20201,-2.200019,131.08,11.71,3,75.32,23 / 23,13963910,2020-01-08 16:08:07:504,-0.9359,3.7389,9.08,-0.0021,-0.0586,9.8064,0.0117,-0.6001,0.3456,-19.31,-35.75,2.38,274.66,-81.36,-164.72
58088.1,58088.09917,9,58088.1,52.2023182,-2.1984831,48.427,72.236,76.06,0.48,0.1,0,47.52,47.73,47.92,47.47,1.800018,47.61,-0.02958012,0.009180069,0,5,3,1414,90,0,-0.1400146,0,13.8,12,0,52.20201,-2.200019,131.08,11.71,3,75.32,23 / 23,13964009,2020-01-08 16:08:07:603,-0.443,-5.3826,9.8979,0.02,-0.0808,9.8062,-0.018,-0.3551,0.3329,-20.31,-35.94,2.06,275.84,-81.6,-164.56
58088.2,58088.20017,9,58088.2,52.2023217,-2.1984644,48.114,72.442,76.08,0.44,0.1,0,47.39999,47.89999,47.41,47.64,2.800018,47.72,-0.03978014,0.1091399,0,5,3,1411,90,0,-0.1400146,0,13.8,12,0,52.20201,-2.200019,131.08,11.71,3,75.32,23 / 23,13964110,2020-01-08 16:08:07:704,-0.4056,0.1098,9.5558,-0.0386,-0.0241,9.8064,0.0243,-0.2429,0.2166,-20,-35.25,1.69,279.08,-81.91,-162.4
58088.3,58088.29917,9,58088.3,52.2023254,-2.198446,47.617,71.907,76.07,0.38,0.1,0,47.37999,47.86,47.11,47.50999,4.5,47.68,-0.04997993,0.14994,0,5,3,1411,90,0,-0.1400146,0,13.8,12,0,52.20201,-2.200019,131.08,11.71,3,75.32,23 / 23,13964209,2020-01-08 16:08:07:803,0.1331,-1.8919,8.1055,-0.0133,-0.0102,9.8066,-0.1127,-0.1334,0.0117,-20.25,-35.5,0.38,276.25,-82.46,-160.37
58088.4,58088.39917,9,58088.4,52.2023292,-2.1984278,47.441,70.952,76.07,0.33,0.1,0,46.37,47.53999,47.16,47.45,4.300018,47.38,-0.02958012,0.1091399,0,5,3,1403,90,0,0.08999634,0,13.8,12,0,52.20201,-2.200019,131.08,11.71,3,75.32,22 / 23,13964309,2020-01-08 16:08:07:903,-3.1621,1.293,8.7158,-0.0625,0.0103,9.8064,0.1952,0.0843,-0.1574,-19.75,-36.12,0.25,276.37,-83.24,-161.34
58088.5,58088.49917,9,58088.5,52.2023331,-2.1984094,47.635,70.819,76.08,0.3,0.1,0,47.12,47.03,47.12999,47.2,3.600006,47.06,-0.01938009,0.1193399,0,5,3,1398,90,0,0.08999634,0,13.7,12,0,52.20201,-2.200019,131.08,11.71,3,75.32,22 / 23,13964409,2020-01-08 16:08:08:003,-0.4615,2.9226,12.056,0.0549,0.0288,9.8064,-0.0794,-0.2072,0.0987,-19.87,-35.87,0.63,278.59,-83.5,-162.53
58088.6,58088.60017,9,58088.6,52.2023372,-2.1983912,47.592,69.832,76.08,0.27,0.1,0,46.73999,47.3,48,47.41,5.5,46.86,-0.03978014,0.09995985,0,5,3,1393,90,0,-0.1400146,0,13.7,12,0,52.20201,-2.200019,131.08,11.71,3,75.32,22 / 23,13964510,2020-01-08 16:08:08:104,-1.0334,0.9353,11.9799,0.002,-0.0524,9.8065,0.2116,-0.0523,0.0636,-19.19,-35.56,0,274.33,-83.12,-162.45
58088.7,58088.70017,9,58088.7,52.2023412,-2.1983731,47.387,69.87,76.08,0.25,0.1,0,46.59999,47.00999,46.09999,47.58,6,46.95,-0.02958012,0.14994,0,5,3,1381,90,0,-0.1400146,0,13.8,12,0,52.20201,-2.200019,131.08,11.71,3,75.32,22 / 23,13964610,2020-01-08 16:08:08:204,3.7596,-3.9121,11.4703,0.1318,-0.0826,9.8054,0.1407,-0.5661,0.3687,-19.81,-36.37,-0.94,272.59,-83.51,-162.75
58088.8,58088.80017,9,58088.8,52.2023454,-2.1983551,47.459,69.096,76.06,0.19,0.1,0,46.36,47.06999,47.12,46.83,7.399994,46.7,-0.02958012,0.09995985,0,5,3,1383,90,0,-0.1400146,0,13.7,12,0,52.20201,-2.200019,131.08,11.71,3,75.32,22 / 23,13964710,2020-01-08 16:08:08:304,-0.3334,3.1437,10.8212,0.1207,-0.0247,9.8058,-0.497,0.5785,-0.3069,-19.31,-36.12,-0.62,277.91,-82.89,-155.49
58088.9,58088.90017,9,58088.9,52.2023496,-2.1983369,47.7,68.923,76.02,0.13,0.1,0,46.31,47.12,46.61,47.22,6.600006,46.88,-0.02958012,0.14994,0,5,3,1382,90,0,-0.1400146,0,13.8,12,0,52.20201,-2.200019,131.08,11.71,3,75.32,22 / 23,13964810,2020-01-08 16:08:08:404,1.0602,-12.1294,10.5887,-0.1632,0.0137,9.8052,-0.4444,-1.1895,0.6955,-19.62,-35.5,0.31,288.55,-84.13,-151.55
58089,58089.00017,9,58089,52.202354,-2.1983189,47.484,67.807,75.96,0.04,0.1,0,46.16,46.95999,46.50999,46.92999,6.700012,46.68,-0.01938009,0.13974,0,5,3,1380,90,0,-0.1400146,0,13.8,12,0,52.20201,-2.200019,131.08,11.71,3,75.32,22 / 23,13964910,2020-01-08 16:08:08:504,-1.1219,14.3996,8.2138,-0.02,-0.2337,9.8038,-0.6245,0.2839,-0.2828,-18.87,-35.81,-2.56,286.68,-83.82,-143.07
58089.1,58089.10017,9,58089.1,52.2023587,-2.198301,47.722,66.653,75.9,-0.03,0.1,0,46.33,46.86,46.94,47.14999,6.100006,46.51,-0.01938009,0.16014,0,5,3,1383,90,0,-0.1400146,0,13.7,12,0,52.20201,-2.200019,131.08,11.71,3,75.32,22 / 23,13965010,2020-01-08 16:08:08:604,-2.709,0.6322,5.1072,-0.1549,-0.0484,9.8052,-0.6962,-0.9281,0.9413,-19.37,-35.69,-2.06,281.24,-84.96,-153.32
58089.2,58089.20017,9,58089.2,52.2023633,-2.1982829,48.179,66.469,75.82,-0.11,0.1,0,46.58,47.33,46.83,47.59,6.700012,46.91,-0.03978014,0.16014,0,5,3,1390,90,0,-0.1400146,0,13.8,12,0,52.20201,-2.200019,131.08,11.71,3,75.32,22 / 23,13965110,2020-01-08 16:08:08:704,0.6657,10.0835,7.5391,-0.0895,-0.1988,9.8042,-0.3835,0.8876,-0.5132,-18.87,-35.19,-2.5,293.89,-86.08,-143.46
58089.3,58089.30017,9,58089.3,52.2023681,-2.1982651,47.884,65.405,75.69,-0.24,0.1,0,47.12,47.67999,46.81,47.44,6.700012,47.21,-0.04997993,0.14994,0,5,3,1390,90,0,0.08999634,0,13.7,12,0,52.20201,-2.200019,131.08,11.71,3,75.32,22 / 23,13965210,2020-01-08 16:08:08:804,1.4585,0.051,5.2479,-0.1623,0.0113,9.8052,-0.6743,0.0141,0.287,-19.06,-35.25,-4.56,292.39,-87.4,-138.56
58089.4,58089.40017,9,58089.4,52.2023732,-2.1982477,47.423,63.915,75.58,-0.34,0.1,0,47.34999,47.92,47.3,47.59999,6.800018,47.71,-0.04997993,0.14994,0,5,3,1403,90,0,-0.1400146,0,13.7,12,0,52.202343,-2.198283,129.99,13.46,2,67.83,23 / 23,13965310,2020-01-08 16:08:08:904,-0.1502,-0.4261,9.9315,-0.1249,-0.136,9.8048,-0.2166,0.6114,-0.2577,-18.87,-34.94,-4.75,318.92,-87.68,-113.59
58089.5,58089.49917,9,58089.5,52.2023782,-2.19823,47.837,64.341,75.43,-0.46,0.1,0,47.66,48.23,47.37999,47.87,6.399994,47.9,-0.04997993,0.14994,0,5,3,1413,90,0,0.08999634,0,13.8,12,0,52.202343,-2.198283,129.99,13.46,2,67.83,23 / 23,13965409,2020-01-08 16:08:09:003,-0.9713,0.4888,6.4575,-0.0684,-0.057,9.8062,-0.346,0.0651,0.0214,-19.37,-35.31,-7.37,326.16,-88.24,-101.92
58089.6,58089.60017,9,58089.6,52.2023834,-2.1982123,48.121,63.284,75.25,-0.6,0.1,0,47.59999,48.39999,48.2,48.42,5.899994,48.25,-0.03978014,0.1091399,0,5,3,1423,90,0,-0.1400146,0,13.8,12,0,52.202343,-2.198283,129.99,13.46,2,67.83,23 / 23,13965510,2020-01-08 16:08:09:104,-1.5401,-0.9518,7.7686,-0.0494,-0.0748,9.8062,0.2614,0.2953,-0.3643,-18.37,-34.69,-6.31,341.14,-88.42,-89.47
58089.7,58089.70017,9,58089.7,52.2023891,-2.198195,48.434,61.675,75.13,-0.67,0.1,0,48.08,48.50999,48.78,48.53999,5.600006,48.26,-0.03978014,0.08976007,0,5,3,1425,90,0,0.08999634,0,13.7,12,0,52.202343,-2.198283,129.99,13.46,2,67.83,23 / 23,13965610,2020-01-08 16:08:09:204,0.7196,-1.777,9.1022,-0.0395,0.045,9.8064,0.2561,-0.0222,0.072,-18.37,-35.56,-7.75,350.82,-88.45,-74.76
58089.8,58089.80017,9,58089.8,52.2023946,-2.1981773,48.604,62.083,75,-0.74,0.1,0,48.59999,48.98,48.55,49,5.300018,48.42,-0.04997993,0.13974,0,5,3,1441,90,0,0.08999634,0,13.8,12,0,52.202343,-2.198283,129.99,13.46,2,67.83,23 / 23,13965710,2020-01-08 16:08:09:304,2.1371,-2.0142,9.8876,-0.059,-0.0794,9.8061,0.1844,0.111,0.0292,-18.62,-36.19,-7.37,354.42,-88.41,-75.08
58089.9,58089.90017,9,58089.9,52.2024003,-2.19816,48.647,61.056,74.85,-0.81,0.1,0,48.81999,49.31999,48.83,48.67999,4.600006,48.98,-0.04997993,0.09995985,0,5,3,1450,90,0,-0.1400146,0,13.8,12,0,52.202343,-2.198283,129.99,13.46,2,67.83,23 / 23,13965810,2020-01-08 16:08:09:404,4.1239,-0.5192,10.8936,0.0568,0.014,9.8064,0.038,-0.0088,-0.0994,-17.94,-35.75,-8.06,350.08,-88.23,-75.4
58090,58090.00017,9,58090,52.2024061,-2.1981426,48.715,60.979,74.72,-0.86,0.1,1.799988,49.14,49.28999,49.05,48.98,2.300018,49.15,-0.03978014,0.06936002,0,5,3,1472,90,0,-0.1400146,0,13.8,12,0,52.202343,-2.198283,129.99,13.46,2,67.83,23 / 23,13965910,2020-01-08 16:08:09:504,-1.4115,2.4043,9.863,-0.0496,0.0006,9.8065,-0.0663,-0.0792,0.0048,-17.62,-35.94,-8.37,2.79,-88.7,-63.37
58090.1,58090.09917,9,58090.1,52.2024118,-2.198125,49.136,60.99,74.56,-0.94,0.1,5.299988,49.3,49.39999,49.52,49.53,1.700012,49.34,-0.02958012,0.01937985,0,5,3,1481,90,0,-0.1400146,0,13.8,12,0,52.202343,-2.198283,129.99,13.46,2,67.83,23 / 23,13966009,2020-01-08 16:08:09:603,-1.0937,-2.1869,8.4323,0.0063,0.0483,9.8065,-0.1765,-0.1612,0.2048,-17.81,-35.75,-8.19,8.89,-88.67,-57.52
58090.2,58090.20017,9,58090.2,52.2024179,-2.1981074,49.594,60.296,74.42,-0.98,0.1,7,49.62,49.59999,49.77,49.59,1.200012,49.55,-0.03978014,-0.009180069,0,5,3,1498,90,0,-0.1400146,0,13.8,12,0,52.202343,-2.198283,129.99,13.46,2,67.83,23 / 23,13966110,2020-01-08 16:08:09:704,-0.2745,2.5571,10.4128,0.0255,0.0012,9.8065,-0.0179,-0.1668,0.0858,-17.06,-35.37,-7.31,358.99,-88.59,-68.58
58090.3,58090.30017,9,58090.3,52.202424,-2.1980898,49.651,60.053,74.28,-1.03,0.1,7.700012,49.87,49.84999,49.91,49.73,0.8000183,49.84,-0.03978014,0,0,5,3,1502,90,0,0.08999634,0,13.8,12,0,52.202343,-2.198283,129.99,13.46,2,67.83,23 / 23,13966210,2020-01-08 16:08:09:804,1.7619,-0.9919,10.6911,0.0075,0.0465,9.8065,-0.1464,-0.3813,0.3943,-18.19,-34.81,-7.44,352.07,-88.4,-76.27
58090.4,58090.40017,9,58090.4,52.20243,-2.1980721,49.835,60.385,74.12,-1.08,0.1,8.899963,50.09999,50.19,50.36,50.03,0.6000061,50.03,-0.03978014,0,0,5,3,1516,90,0,-0.1400146,0,13.8,12,0,52.202343,-2.198283,129.99,13.46,2,67.83,23 / 23,13966310,2020-01-08 16:08:09:904,0.8806,3.5306,10.2057,0.0055,0.0435,9.8065,-0.2026,-0.0897,0.1198,-18.25,-34.62,-7.44,353.06,-87.84,-75.21
58090.5,58090.50017,9,58090.5,52.2024361,-2.1980543,50.353,60.325,73.98,-1.12,0.1,9.799988,50.39,50.36,50.53,50.25999,-0.2999878,50.32,-0.03978014,0,0,5,3,1515,90,0,-0.1400146,0,13.8,12,0,52.202343,-2.198283,129.99,13.46,2,67.83,23 / 23,13966410,2020-01-08 16:08:10:004,-0.6601,-1.2882,8.8098,-0.0139,0.0422,9.8065,-0.1037,-0.3107,0.1494,-18.62,-35.25,-7.31,359.32,-87.91,-70.41
58090.6,58090.59917,9,58090.6,52.2024422,-2.1980363,50.555,60.526,73.84,-1.15,0.1,11.59998,50.76999,50.75999,50.69,50.53,-0.1999817,50.59,-0.03978014,0,0,5,3,1526,90,0,0.08999634,0,13.8,12,0,52.202343,-2.198283,129.99,13.46,2,67.83,23 / 23,13966509,2020-01-08 16:08:10:103,-1.1279,1.266,8.3931,0.0013,0.0429,9.8065,-0.1725,-0.0907,0.0728,-17.94,-34.94,-7.81,357.99,-87.98,-67.92
58090.7,58090.69917,9,58090.7,52.2024487,-2.1980188,50.396,58.975,73.69,-1.17,0.1,13.29999,51.00999,50.81999,51.14,50.67999,-0.6000061,50.93,-0.03978014,-0.03978014,0,5,3,1525,90,0,-0.1300049,0,13.8,12,0,52.202343,-2.198283,129.99,13.46,2,67.83,23 / 23,13966609,2020-01-08 16:08:10:203,1.6449,-1.7201,10.3782,-0.0438,0.0485,9.8064,0.0368,-0.1941,0.2708,-17.81,-34.44,-8,3.96,-87.93,-62.33
58090.8,58090.79917,9,58090.8,52.2024544,-2.1980004,50.836,61.29,73.51,-1.24,0.1,14.39996,51.19,51.17,51.39,50.87999,-1.199982,50.97,-0.02958012,-0.06936002,0,5,3,1536,89,0,0.1000061,0,13.8,12,0,52.202343,-2.198283,129.99,13.46,2,67.83,23 / 23,13966709,2020-01-08 16:08:10:303,-0.411,-0.3958,8.4828,-0.0263,-0.0112,9.8066,0.116,0.1425,0.0027,-18.75,-35.12,-8.5,2.57,-87.72,-64.77
58090.9,58090.90017,9,58090.9,52.2024607,-2.1979823,51.109,60.461,73.38,-1.24,0.1,14.89996,51.50999,51.36,51.67,51.39999,-1.299988,51.37,-0.04997993,-0.04997993,0,5,3,1536,90,0,-0.1300049,0,13.7,12,0,52.202343,-2.198283,129.99,13.46,2,67.83,23 / 23,13966810,2020-01-08 16:08:10:404,2.8244,-3.2124,11.4026,-0.0289,-0.0427,9.8065,0.2382,-0.1644,-0.1802,-19.5,-34.62,-7.62,5.69,-87.56,-61.89
58091,58091.00017,9,58091,52.2024666,-2.1979638,51.462,61.326,73.2,-1.29,0.1,15.39996,51.78,51.56999,51.59999,51.36,-1.299988,51.62,-0.04997993,-0.03978014,0,5,3,1546,90,0,-0.1300049,0,13.7,12,0,52.202343,-2.198283,129.99,13.46,2,67.83,23 / 23,13966910,2020-01-08 16:08:10:504,-0.0033,-1.4431,8.8887,0.0493,-0.033,9.8064,-0.134,0.1263,-0.1823,-18.69,-35.5,-7.94,4.54,-87.83,-62.92
58091.1,58091.09917,9,58091.1,52.2024726,-2.1979454,51.192,61.503,73.04,-1.32,0.1,17.09998,51.91,51.72,52.01999,51.70999,-1.899994,51.77,-0.03978014,-0.02958012,0,5,3,1545,89,0,0.1000061,1,13.7,12,0,52.202343,-2.198283,129.99,13.46,2,67.83,23 / 23,13967009,2020-01-08 16:08:10:603,2.5995,-2.6306,10.4611,-0.0305,0.0279,9.8065,-0.0244,0.0874,0.1852,-18.56,-33.87,-7.69,1.95,-87.82,-65.34
58091.2,58091.20017,9,58091.2,52.2024786,-2.1979267,52.038,61.615,72.86,-1.36,0.1,19.79999,52.25999,51.98,52.34999,51.87,-2.5,51.97,-0.03978014,-0.04997993,0,5,3,1552,89,0,0.1000061,1,13.7,11.25,0,52.202343,-2.198283,129.99,13.46,2,67.83,23 / 23,13967110,2020-01-08 16:08:10:704,1.8718,-1.3875,10.6799,-0.0318,0.0541,9.8064,0.1628,0.0506,0.1158,-18.5,-34.62,-7.62,9.06,-87.95,-57.56
58091.3,58091.30017,9,58091.3,52.2024845,-2.1979078,52.088,62.026,72.68,-1.4,0.1,22.5,52.56,52.14999,52.59999,52.08,-3.399994,52.24,-0.03978014,-0.07956004,0,5,3,1562,89,0,0.1000061,1,13.8,11.25,0,52.202343,-2.198283,129.99,13.46,2,67.83,23 / 23,13967210,2020-01-08 16:08:10:804,0.1656,3.6278,8.4183,0.053,-0.0619,9.8063,-0.0568,0.2307,-0.4691,-18.37,-34.56,-7.37,2.95,-88.06,-65.99
58091.4,58091.39917,9,58091.4,52.2024905,-2.197889,52.261,61.999,72.51,-1.43,0.1,24.39996,52.91,52.42,52.95999,52.28,-4.100006,52.53,-0.04997993,-0.12954,0,5,3,1564,89,0,0.1000061,1,13.8,11.25,0,52.202343,-2.198283,129.99,13.46,2,67.83,23 / 23,13967309,2020-01-08 16:08:10:903,1.4377,-1.4046,9.425,0.0248,-0.064,9.8064,-0.0168,0.0515,-0.2203,-18.62,-34.62,-7.31,13.42,-88.44,-56.98
58091.5,58091.50017,9,58091.5,52.2024964,-2.19787,52.452,62.486,72.34,-1.44,0.1,24.79999,52.8,52.62,53.16,52.39999,-4.199982,52.72,-0.03978014,-0.16014,0,5,3,1581,89,0,-0.1300049,1,13.7,11.25,0,52.202343,-2.198283,129.99,13.46,2,67.83,23 / 23,13967410,2020-01-08 16:08:11:004,1.2244,0.7662,10.1612,-0.0075,-0.0389,9.8065,0.0368,-0.1149,-0.1016,-18.75,-34.56,-7.56,1.1,-87.84,-66.14
58091.6,58091.60017,9,58091.6,52.2025023,-2.1978508,52.866,62.704,72.17,-1.47,0.1,24.20001,53.16,52.53,53.53999,52.58,-4.100006,53.1,-0.03978014,-0.13974,0,5,3,1593,89,0,0.1000061,0,13.7,11.25,0,52.202343,-2.198283,129.99,13.46,2,67.83,23 / 23,13967510,2020-01-08 16:08:11:104,2.0572,-0.1866,10.0641,0.0115,-0.0009,9.8066,-0.023,0.0506,0.1442,-18.5,-34.44,-7.5,3.73,-87.71,-65.28
58091.7,58091.70017,9,58091.7,52.2025082,-2.1978314,53.154,63.194,72,-1.49,0.1,23.59998,53.55,53.05,53.66,52.78999,-4.399994,53.22,-0.04997993,-0.12954,0,5,3,1593,89,0,-0.1300049,0,13.8,11.25,0,52.202343,-2.198283,129.99,13.46,2,67.83,23 / 23,13967610,2020-01-08 16:08:11:204,1.0512,-0.2407,9.1547,-0.0169,-0.0077,9.8066,0.0432,-0.1924,0.1746,-18.75,-34.81,-7.5,1.53,-87.4,-68.37
58091.8,58091.80017,9,58091.8,52.2025137,-2.1978117,53.305,63.976,71.8,-1.54,0.1,23.20001,54.05,53.59,54.06,53.23999,-4.600006,53.5,-0.05915999,-0.12954,0,5,3,1607,89,0,-0.1300049,0,13.7,11.25,0,52.202343,-2.198283,129.99,13.46,2,67.83,23 / 23,13967710,2020-01-08 16:08:11:304,4.0868,-5.8275,11.2909,0.0123,0.0517,9.8064,-0.1868,-0.9777,0.2433,-19.44,-34.5,-7.44,3.05,-87.61,-66.94
58091.9,58091.90017,9,58091.9,52.2025193,-2.1977921,53.424,64.344,71.61,-1.57,0.1,23.09998,54.09,53.76999,54.09,53.47,-4.199982,53.97,-0.05915999,-0.1193399,0,5,3,1621,89,0,-0.1300049,0,13.7,11.25,0,52.202343,-2.198283,129.99,13.46,2,67.83,23 / 23,13967810,2020-01-08 16:08:11:404,-1.6332,4.6934,8.5809,0.0322,0.0292,9.8065,-0.357,0.2198,0.0284,-18.62,-35.19,-7.69,7.58,-87.03,-60.26
58092,58091.99917,9,58092,52.2025248,-2.1977721,53.708,64.762,71.4,-1.61,0.1,23.20001,54.33,53.76999,54.59,53.94,-3.899994,54.02,-0.03978014,-0.1193399,0,5,3,1623,89,0,-0.1300049,0,13.8,11.25,0,52.202343,-2.198283,129.99,13.46,2,67.83,23 / 23,13967909,2020-01-08 16:08:11:503,-0.1729,0.131,9.7592,-0.0284,0.1087,9.806,-0.134,-0.1445,0.0807,-18.62,-34.94,-7.94,8.72,-87.14,-59.19
58092.1,58092.09917,9,58092.1,52.2025302,-2.197752,54.212,65.56,71.22,-1.63,0.1,22.89996,54.67,54.19,54.84999,54.22,-4.199982,54.43,-0.04997993,-0.08976007,0,5,3,1637,89,0,-0.1300049,0,13.7,11.25,0,52.202343,-2.198283,129.99,13.46,2,67.83,23 / 23,13968009,2020-01-08 16:08:11:603,0.3354,2.0656,10.503,-0.0085,-0.0768,9.8063,0.3077,0.3752,-0.5028,-18.06,-34.87,-7.5,11.16,-86.92,-58.68
58092.2,58092.20017,9,58092.2,52.2025353,-2.1977315,54.425,66.272,70.98,-1.69,0.1,21.39996,54.97,54.62,55.09,54.12999,-4.799988,54.78,-0.04997993,-0.1193399,0,5,3,1648,89,0,0.1000061,1,13.8,11.25,0,52.202343,-2.198283,129.99,13.46,2,67.83,23 / 23,13968110,2020-01-08 16:08:11:704,1.199,1.6577,11.0715,-0.0161,-0.0043,9.8065,0.2416,0.1501,-0.201,-19.06,-34.75,-6.44,15,-87.65,-58.55
58092.3,58092.30017,9,58092.3,52.2025405,-2.1977111,54.418,66.641,70.78,-1.72,0.1,19.70001,55.26999,54.75999,55.34,54.75,-3.799988,54.91,-0.04997993,-0.08976007,0,5,3,1649,89,0,-0.1300049,1,13.7,11.25,0,52.202343,-2.198283,129.99,13.46,2,67.83,23 / 23,13968210,2020-01-08 16:08:11:804,-0.6556,-3.8672,7.7962,-0.0668,-0.0491,9.8063,0.174,0.3666,-0.0607,-18.87,-35.06,-7.19,17.1,-87.84,-53.78
58092.4,58092.40017,9,58092.4,52.2025456,-2.1976903,54.824,67.059,70.54,-1.77,0.1,19.29999,55.58,55.06,55.69,55.11,-3.100006,55.23,-0.04997993,-0.08976007,0,5,3,1663,89,0,0.1000061,1,13.8,11.25,0,52.202343,-2.198283,129.99,13.46,2,67.83,22 / 23,13968310,2020-01-08 16:08:11:904,1.5631,0.6435,9.5126,-0.0194,-0.1419,9.8056,0.3352,0.6119,-0.6722,-19.19,-35.12,-6.75,20.1,-87.17,-51.38
58092.5,58092.50017,9,58092.5,52.2025507,-2.1976696,55.048,67.483,70.34,-1.79,0.1,19.59998,55.75999,55.42999,55.87999,55.37999,-3,55.49,-0.04997993,-0.07956004,0,5,3,1672,89,0,-0.1300049,1,13.7,11.25,0,52.202343,-2.198283,129.99,13.46,2,67.83,22 / 23,13968410,2020-01-08 16:08:12:004,1.4945,-9.3664,8.1727,-0.0029,-0.1477,9.8055,0.0702,0.2665,-0.3651,-18.81,-34.5,-6.69,27.47,-87.75,-44.06
58092.6,58092.59917,9,58092.6,52.2025557,-2.1976486,55.336,68.254,70.13,-1.82,0.1,20.09998,56.05,55.62,56.23,55.67999,-3.299988,55.78,-0.04997993,-0.06936002,0,5,3,1686,89,0,0.1000061,1,13.8,11.25,0,52.202343,-2.198283,129.99,13.46,2,67.83,22 / 23,13968509,2020-01-08 16:08:12:103,0.675,3.6121,10.5235,0.011,-0.1039,9.806,0.087,0.4996,-0.3882,-18.44,-34.94,-6.56,20.52,-87.32,-49.95
58092.7,58092.70017,9,58092.7,52.2025609,-2.1976276,55.721,67.749,69.93,-1.83,0.1,19.89996,56.37,55.92999,56.42999,55.84,-3.399994,56.04,-0.03978014,-0.05915999,0,5,3,1692,89,0,0.1000061,1,13.7,11.25,0,52.202343,-2.198283,129.99,13.46,2,67.83,22 / 23,13968610,2020-01-08 16:08:12:204,-0.3656,-1.23,9.2398,-0.0147,0.0364,9.8065,0.0786,-0.0743,0.1172,-18.69,-35,-6.56,33.58,-87.78,-38.34
58092.8,58092.80017,9,58092.8,52.2025661,-2.1976066,55.8,67.838,69.73,-1.84,0.1,18.39996,56.66,56.25,56.66,55.83,-3.5,56.32,-0.04997993,-0.06936002,0,5,3,1688,89,0,0.1000061,1,13.7,11.25,0,52.202343,-2.198283,129.99,13.46,2,67.83,22 / 23,13968710,2020-01-08 16:08:12:304,-1.1946,4.2326,9.9876,0.0041,-0.0809,9.8063,0.1324,0.5432,-0.4428,-18.31,-35,-7.25,28.17,-87.76,-42.52
58092.9,58092.90017,9,58092.9,52.2025712,-2.1975853,56.131,68.231,69.54,-1.84,0.1,16.29999,56.87,56.50999,56.95,56.23999,-3.100006,56.59,-0.04997993,-0.06936002,0,5,3,1693,89,0,0.1000061,1,13.8,11.25,0,52.202343,-2.198283,129.99,13.46,2,67.83,22 / 23,13968810,2020-01-08 16:08:12:404,1.6706,-2.2169,9.4243,0.0384,0.0005,9.8065,-0.2365,-0.5202,-0.0168,-18.44,-34.94,-6.69,41.31,-87.88,-30
58093,58093.00017,9,58093,52.2025763,-2.1975639,56.534,68.508,69.35,-1.84,0.1,14.79999,57.06,56.59999,57.25,56.83,-2.299988,56.88,-0.04997993,-0.05915999,0,5,3,1702,89,0,0.1000061,1,13.7,11.25,0,52.202343,-2.198283,129.99,13.46,2,67.83,22 / 23,13968910,2020-01-08 16:08:12:504,2.1976,-2.9319,9.6798,-0.0112,-0.0117,9.8066,0.1191,0.1163,0.1906,-18,-34.81,-6.62,39.06,-87.96,-32.04
58093.1,58093.10017,8,58093.1,52.2025808,-2.1975419,56.866,70.289,69.12,-1.89,0.1,14.09998,57.45,57.36,57.42,57.11,-1.5,57.14,-0.05915999,-0.02958012,0,5,3,1720,89,0,-0.1300049,1,13.7,11.25,0,52.202343,-2.198283,129.99,13.46,2,67.83,22 / 23,13969010,2020-01-08 16:08:12:604,0.6824,-3.9521,10.5322,-0.0597,0.0309,9.8063,0.1525,-0.1806,0.17,-18.87,-35.12,-6.56,27.92,-87.89,-43.57
58093.2,58093.20017,8,58093.2,52.2025857,-2.1975202,56.891,69.903,68.92,-1.9,0.1,14,57.62999,57.58,57.75999,57.17999,-1.699982,57.54,-0.05915999,-0.009180069,0,5,3,1733,89,0,0.1000061,1,13.7,11.25,0,52.202343,-2.198283,129.99,13.46,2,67.83,22 / 23,13969110,2020-01-08 16:08:12:704,1.3911,1.6245,10.5227,-0.021,-0.0518,9.8064,0.0783,0.0993,-0.3592,-18.75,-34.87,-6.5,42.97,-87.78,-32.2
58093.3,58093.30017,8,58093.3,52.2025904,-2.1974983,57.24,70.303,68.7,-1.93,0.1,13.59998,57.95,57.75,58.23999,57.64,-2,57.79,-0.04997993,0,0,5,3,1744,89,0,-0.1300049,1,13.8,11.25,0,52.202343,-2.198283,129.99,13.46,2,67.83,22 / 23,13969210,2020-01-08 16:08:12:804,1.3569,1.9561,11.0479,0.0265,0.0571,9.8064,-0.3954,-0.4187,-0.0215,-18.06,-34.94,-6,65.35,-88.16,-9.31
58093.4,58093.40117,8,58093.4,52.2025952,-2.1974762,57.596,70.391,68.5,-1.93,0.1,13.09998,58.22,58.06999,58.33,58.00999,-1.799988,58.11,-0.04997993,0,0,5,3,1755,89,0,0.1000061,1,13.7,11.25,0,52.202343,-2.198283,129.99,13.46,2,67.83,23 / 23,13969311,2020-01-08 16:08:12:905,-0.593,1.3225,12.0755,-0.0555,0.0654,9.8062,-0.1032,-0.1114,0.3103,-17.94,-34.69,-6.5,78.98,-87.96,3.71
58093.5,58093.50017,8,58093.5,52.2026,-2.1974541,57.672,70.552,68.3,-1.93,0.1,12.70001,58.59,58.23,58.55,57.94,-1.600006,58.43,-0.05915999,-0.009180069,0,5,3,1766,89,0,-0.1300049,1,13.7,11.25,0,52.202343,-2.198283,129.99,13.46,2,67.83,23 / 23,13969410,2020-01-08 16:08:13:004,3.2717,-0.6781,11.5581,0.0457,0.1189,9.8057,-0.0363,-0.0598,0.2367,-17.94,-35.25,-5.69,70.58,-87.99,-4.49
58093.6,58093.60017,8,58093.6,52.2026048,-2.197432,57.712,70.487,68.09,-1.94,0.1,12.70001,58.78,58.70999,58.56999,58.06999,-1.299988,58.6,-0.05915999,0,0,5,3,1775,89,0,-0.1300049,1,13.7,11.25,0,52.202343,-2.198283,129.99,13.46,2,67.83,23 / 23,13969510,2020-01-08 16:08:13:104,0.2196,-0.2758,10.0456,0.0799,0.0033,9.8063,-0.1196,-0.1179,-0.1882,-17.5,-35,-5.62,90.81,-88.6,17.53
58093.7,58093.70017,8,58093.7,52.2026094,-2.1974096,58,71.072,67.92,-1.92,0.1,13.09998,58.89999,58.84,58.86,58.50999,-1.600006,58.82,-0.05915999,0.02957988,0,5,3,1784,89,0,0.1000061,1,13.7,11.25,0,52.202343,-2.198283,129.99,13.46,2,67.83,23 / 23,13969610,2020-01-08 16:08:13:204,-1.2945,-1.5923,11.8338,0.0074,0.0212,9.8066,0.097,0.1464,-0.0863,-17.31,-35.06,-6,104.01,-88.43,30.5
58093.8,58093.80017,8,58093.8,52.2026141,-2.1973873,58.068,71.307,67.72,-1.92,0.1,14.20001,59.23,59,59.28,58.84999,-2.299988,58.87,-0.04997993,0.01937985,0,5,3,1788,89,0,2,1,13.7,11.25,0,52.202343,-2.198283,129.99,13.46,2,67.83,23 / 23,13969710,2020-01-08 16:08:13:304,-0.7881,-3.7094,6.993,0.1143,0.0681,9.8057,-0.1755,0.0428,-0.1401,-17.31,-35.19,-6.69,128.84,-88.75,59.37
58093.9,58093.90017,8,58093.9,52.2026187,-2.1973646,58.644,71.608,67.55,-1.89,0.1,15.70001,59.03999,58.92,59.37999,59,-2.299988,58.89,-0.04997993,0,0,5,3,1782,89,0,7.22998,1,13.7,11.25,0,52.202343,-2.198283,129.99,13.46,2,67.83,23 / 23,13969810,2020-01-08 16:08:13:404,1.4977,-1.7831,10.2183,-0.0699,-0.1131,9.8057,0.4854,0.4983,-0.4328,-19.31,-34.62,-5.87,159.2,-88.43,85.75
58094,58094.00017,8,58094,52.202623,-2.1973417,58.896,72.272,67.38,-1.87,0.1,17.59998,59.01999,58.84999,59.44,58.78999,-2.399994,58.91,-0.09996009,-0.04997993,0,5,3,1781,89,0,9.130005,1,13.8,11.25,0,52.202343,-2.198283,129.99,13.46,2,67.83,23 / 23,13969910,2020-01-08 16:08:13:504,0.3716,4.0979,13.4398,-0.0173,-0.0593,9.8064,0.2933,0.3781,-0.2556,-18.94,-35.37,-3.87,159.63,-88.7,80.71
58094.1,58094.10017,8,58094.1,52.2026275,-2.1973192,58.331,72.394,67.22,-1.84,0.1,21.29999,58.91,58.56,59.08,58.48,-3.100006,58.85,-0.1193399,-0.07956004,0,5,3,1772,89,0,6.75,1,13.7,11.25,0,52.202343,-2.198283,129.99,13.46,2,67.83,23 / 23,13970010,2020-01-08 16:08:13:604,-0.3611,-1.0867,9.1612,-0.0342,-0.1039,9.806,0.1413,0.3384,-0.1353,-18.75,-35.37,-2.81,184.5,-88.63,103.66
58094.2,58094.20017,9,58094.2,52.2026318,-2.1972964,58.439,73.009,67.08,-1.79,0.1,24,58.81999,58.39999,59.08,58.5,-4.100006,58.7,-0.09996009,-0.08976007,0,5,3,1766,89,0,3.669983,1,13.8,11.25,0,52.202343,-2.198283,129.99,13.46,2,67.83,23 / 23,13970110,2020-01-08 16:08:13:704,1.2829,3.4802,14.0137,-0.0631,-0.1205,9.8057,0.4357,0.4484,-0.3801,-18.37,-35.5,-2.87,190.22,-89.46,109.86
58094.3,58094.30017,9,58094.3,52.2026364,-2.1972737,58.597,72.913,67.02,-1.68,0.1,24.29999,58.81999,58.3,58.92999,57.95999,-5,58.58,-0.09996009,-0.12954,0,5,3,1758,89,0,4.139984,1,13.8,11.25,0,52.202343,-2.198283,129.99,13.46,2,67.83,23 / 23,13970210,2020-01-08 16:08:13:804,1.206,-8.1266,11.8399,0.0811,-0.059,9.8061,0.0102,0.491,-0.1864,-19.25,-34.94,-2.19,241.49,-88.76,159.49
58094.4,58094.40017,9,58094.4,52.2026409,-2.1972513,58.201,73.074,66.95,-1.57,0.1,24.39996,58.87999,58.56,58.84999,58.08,-5.399994,58.55,-0.1091399,-0.12954,0,5,3,1752,89,0,0.8200073,1,13.7,11.25,0,52.202343,-2.198283,129.99,13.46,2,67.83,23 / 24,13970310,2020-01-08 16:08:13:904,1.6225,5.7488,11.9269,0.0115,-0.1766,9.805,0.3558,1.0505,-0.846,-18,-35.37,-2.44,252.34,-88.66,171.15
58094.5,58094.50017,9,58094.5,52.2026448,-2.1972286,58.093,74.507,66.89,-1.48,0.1,24.5,58.69,58.16,58.58,57.95,-4.899994,58.69,-0.08976007,-0.09996009,0,5,3,1749,89,0,1.769989,1,13.7,11.25,0,52.202343,-2.198283,129.99,13.46,2,67.83,23 / 24,13970410,2020-01-08 16:08:14:004,0.5208,-10.0116,10.7824,0.0551,-0.0648,9.8062,-0.0753,0.0437,-0.2875,-18.62,-35.25,-1.62,240.89,-88.2,159.77
58094.6,58094.60017,9,58094.6,52.202649,-2.197206,57.982,74.692,66.86,-1.36,0.1,25,58.8,58.22,58.59,57.92999,-5.5,58.35,-0.06936002,-0.08976007,0,5,3,1745,89,0,2.23999,1,13.7,11.25,0,52.202343,-2.198283,129.99,13.46,2,67.83,23 / 24,13970510,2020-01-08 16:08:14:104,-0.9807,0.8136,11.4487,0.0473,-0.0882,9.8061,0.0387,0.7215,-0.4195,-17.69,-35.94,-1.37,250.13,-87.69,167.65
58094.7,58094.70017,9,58094.7,52.202653,-2.1971835,57.902,75.15,66.87,-1.22,0.1,25.70001,58.2,57.8,58.37999,58.17,-5.899994,58.11,-0.05915999,-0.07956004,0,5,3,1748,89,0,3.429993,1,13.7,11.25,0,52.202343,-2.198283,129.99,13.46,2,67.83,23 / 24,13970610,2020-01-08 16:08:14:204,0.545,-6.2287,14.1101,0.0314,-0.0098,9.8066,0.4413,0.0677,-0.0976,-18.31,-35.19,-0.5,246.5,-86.84,162.11
58094.8,58094.80017,9,58094.8,52.2026568,-2.1971608,58.111,76.044,66.89,-1.08,0.1,23.39996,57.62999,57.06,58,57.37,-5.199982,57.63,-0.08976007,-0.08976007,0,5,3,1740,89,0,16.25,1,13.7,11.25,0,52.202343,-2.198283,129.99,13.46,2,67.83,23 / 24,13970710,2020-01-08 16:08:14:304,0.0811,-0.8372,11.6107,0.0835,-0.1463,9.8052,0.2805,-0.0744,-0.4944,-18.19,-35.06,1.31,254.56,-85.64,169.53
58094.9,58094.90017,9,58094.9,52.2026605,-2.1971383,57.661,76.786,66.93,-0.94,0.1,21,56.48,56.33,56.98999,56.00999,-4.299988,56.66,-0.1999199,-0.08976007,0,5,3,1723,89,0,21.94998,1,13.7,11.25,0,52.202343,-2.198283,129.99,13.46,2,67.83,23 / 24,13970810,2020-01-08 16:08:14:404,0.0737,-7.2154,12.2566,0.0455,-0.1882,9.8047,0.2317,0.4572,-0.9472,-17.31,-34.87,1.81,263.72,-84.87,177.5
58095,58095.00017,9,58095,52.202664,-2.1971162,56.714,77.168,66.99,-0.79,0.1,18.5,55.36,54.89999,55.84999,54.95,-3.600006,55.66,-0.2499001,-0.04997993,0,5,3,1689,89,0,22.89999,1,13.7,11.25,0,52.202343,-2.198283,129.99,13.46,2,67.83,23 / 24,13970910,2020-01-08 16:08:14:504,-0.4,-6.2399,11.5406,0.0365,0.0576,9.8064,0.4731,0.5436,0.1964,-17.81,-34.81,2.38,257.38,-84.02,172.37
58095.1,58095.10017,9,58095.1,52.2026673,-2.1970944,55.703,77.697,67.04,-0.66,0.1,16.09998,54.22,53.94,54.62999,53.73,-3.100006,54.43,-0.27948,-0.01938009,0,5,3,1645,89,0,25.51999,1,13.8,11.25,0,52.202343,-2.198283,129.99,13.46,2,67.83,23 / 24,13971010,2020-01-08 16:08:14:604,-4.7158,-10.2256,9.6059,-0.0052,-0.1037,9.806,0.2011,0.9639,-0.3948,-18.5,-34.75,3.19,264.19,-83.34,177.56
58095.2,58095.20017,9,58095.2,52.2026703,-2.1970728,55.022,78.29,67.08,-0.56,0.1,12.70001,52.92,52.89999,53.2,52.34999,-2.299988,53.22,-0.3100801,-0.01938009,0,5,3,1592,89,0,29.54999,1,13.7,11.25,0,52.202343,-2.198283,129.99,13.46,2,67.83,23 / 24,13971110,2020-01-08 16:08:14:704,-2.3759,7.6187,8.7054,0.0307,-0.1454,9.8054,0.0132,0.5615,-0.7663,-18.5,-35.25,3.5,270.73,-82.81,-177.94
58095.3,58095.30017,9,58095.3,52.2026734,-2.1970519,53.438,77.95,67.13,-0.46,0.1,5.899963,51.55,51.45999,51.76999,51.22,-1.199982,51.93,-0.34986,0.01937985,0,5,3,1553,89,0,31.69,1,13.7,11.25,0,52.202343,-2.198283,129.99,13.46,2,67.83,23 / 24,13971210,2020-01-08 16:08:14:804,-3.369,-1.061,9.5114,0.0353,-0.1087,9.8059,-0.1112,0.2486,-0.2556,-19.31,-35.44,3.5,267.63,-82.83,178.81
58095.4,58095.40017,9,58095.4,52.2026766,-2.1970316,52.128,77.784,67.23,-0.33,0.1,0,50.19,50.42,50.31999,49.78999,0.8000183,50.4,-0.3896401,0.07956004,0,5,3,1496,88,0,32.16998,1,13.8,11.25,0,52.202343,-2.198283,129.99,13.46,2,67.83,23 / 23,13971310,2020-01-08 16:08:14:904,-3.2515,2.9129,10.136,0.0147,-0.0153,9.8065,0.04,0.5877,-0.024,-19.12,-35,2.81,269.6,-82.68,-175.86
58095.5,58095.50017,9,58095.5,52.2026794,-2.1970119,50.598,78.102,67.3,-0.23,0.1,0,48.42,48.84,48.73999,48.59,4,49.17,-0.3998401,0.16014,0,5,3,1451,88,0,32.39999,1,13.8,11.25,0,52.202343,-2.198283,129.99,13.46,2,67.83,23 / 23,13971410,2020-01-08 16:08:15:004,-5.928,-3.7702,7.9517,-0.0345,-0.0209,9.8066,0.1546,0.1366,0.0776,-19.19,-34.69,3,270.94,-82.49,-174.15
58095.6,58095.60017,9,58095.6,52.2026825,-2.1969931,48.456,76.67,67.41,-0.11,0.1,0,46.84,47.70999,46.95,47.25,5.600006,47.67,-0.3896401,0.1897199,0,5,3,1410,88,0,31.69,1,13.7,11.25,0,52.202343,-2.198283,129.99,13.46,2,67.83,23 / 23,13971510,2020-01-08 16:08:15:104,-4.5934,5.1315,10.3332,-0.0061,-0.1364,9.8056,0.1903,0.686,-0.6543,-19.81,-33,3.63,277.92,-82.51,-171.15
58095.7,58095.70017,9,58095.7,52.2026856,-2.1969747,47.383,76.076,67.5,-0.01,0.1,0,45.44,45.98,45.56,45.81999,5.300018,46.15,-0.3794401,0.13974,0,5,3,1343,88,0,31.69,1,13.7,11.25,0,52.202343,-2.198283,129.99,13.46,2,67.83,23 / 23,13971610,2020-01-08 16:08:15:204,-5.8689,-5.1697,9.9126,0.0033,-0.0228,9.8066,0.0887,0.0053,-0.0376,-20.87,-32,3.19,271.67,-82.19,-174.51
58095.8,58095.80017,9,58095.8,52.2026886,-2.196957,45.832,75.987,67.61,0.1,0.1,6.700012,43.92999,44.33,44.22,44.12999,3.600006,44.46,-0.37026,0.05915999,0,5,3,1328,88,0,31.44998,1,13.8,11.25,0,52.202343,-2.198283,129.99,13.46,2,67.83,23 / 23,13971710,2020-01-08 16:08:15:304,-6.318,1.0716,9.987,0.0003,-0.0597,9.8064,0.0457,0.3873,-0.2528,-20.81,-32.5,3.88,274.52,-82.06,-174.22
58095.9,58095.89917,9,58095.9,52.2026915,-2.1969397,44.352,75.283,67.67,0.16,0.1,21.79999,42.64,42.67,42.78,42.44,0.2000122,43.09,-0.3396599,-0.04997993,0,5,3,1375,88,0,21.94998,1,13.7,11.25,0,52.202343,-2.198283,129.99,13.46,2,67.83,23 / 23,13971809,2020-01-08 16:08:15:403,-4.5903,-3.0643,10.458,0.0225,0.0061,9.8066,0.0259,-0.3318,0.2307,-20.12,-33.94,4.5,274.6,-81.68,-175.49
58096,58095.99917,9,58096,52.2026945,-2.1969233,42.682,74.258,67.75,0.23,0.1,33.89996,42.05,41.64,41.95,41.62999,-2.600006,42.04,-0.27948,-0.12954,0,5,3,1351,88,0,11.73999,1,13.7,11.25,0,52.202343,-2.198283,129.99,13.46,2,67.83,23 / 23,13971909,2020-01-08 16:08:15:503,-2.9922,-0.9219,9.4249,0.0277,-0.0113,9.8065,0.0042,-0.0493,0.1754,-19.25,-34.25,3.63,272.61,-81.53,-174.14
58096.1,58096.10017,9,58096.1,52.2026971,-2.1969069,41.792,75.154,67.82,0.28,0.1,48.5,41.37999,40.67999,41.56999,40.56999,-6.399994,41.33,-0.1693201,-0.2499001,0,4,3,1316,88,0,5.570007,1,13.6,11.25,0,52.202343,-2.198283,129.99,13.46,2,67.83,23 / 23,13972010,2020-01-08 16:08:15:604,-2.8331,4.3717,9.5447,0.0054,0.0258,9.8066,0.0747,-0.6708,0.3373,-19.5,-34.75,3.44,271.94,-81.51,-171.25
58096.2,58096.20017,9,58096.2,52.2026998,-2.1968909,41.018,75.237,67.9,0.33,0.1,58.59998,41.03,40.11,41.11,39.89,-9.799988,40.68,-0.09996009,-0.3396599,0,4,3,1279,88,0,2.47998,1,13.7,11.25,0,52.202343,-2.198283,129.99,13.46,2,67.83,23 / 23,13972110,2020-01-08 16:08:15:704,-2.8832,-1.5965,10.1381,0.0021,0.0075,9.8066,0.0739,-0.6089,0.5949,-20.25,-34.75,4,276.75,-81.33,-169.41
58096.3,58096.29917,9,58096.3,52.2027022,-2.1968749,40.738,76.205,67.96,0.37,0.1,63.79999,40.87,39.69,40.89999,39.52,-12.39999,40.3,-0.05915999,-0.36006,0,4,3,1247,88,0,-0.6100159,1,13.6,11.25,0,52.202343,-2.198283,129.99,13.46,2,67.83,23 / 23,13972209,2020-01-08 16:08:15:803,-1.1386,1.2259,8.0453,-0.0188,0.0167,9.8066,0.072,-0.5919,0.4837,-20.5,-34,4.94,286.51,-81.12,-163.04
58096.4,58096.40017,9,58096.4,52.2027041,-2.196859,40.003,78.461,68.03,0.4,0.1,67.5,40.48,39.22,40.52,38.84,-13.29999,39.93,-0.02958012,-0.36006,0,4,3,1277,88,0,-0.1300049,0,13.8,11.25,0,52.202343,-2.198283,129.99,13.46,2,67.83,23 / 23,13972310,2020-01-08 16:08:15:904,-1.4011,-7.0821,10.5553,-0.0412,-0.0007,9.8065,0.2224,-0.6609,0.3108,-21.06,-33.87,4.88,289.37,-80.9,-160.04
58096.5,58096.49917,9,58096.5,52.2027061,-2.1968431,39.884,78.677,68.1,0.44,0.1,69.70001,40.25999,38.89,40.27,38.64,-14.5,39.61,-0.03978014,-0.36006,0,4,3,1296,88,0,-0.1300049,0,13.7,11.25,0,52.202343,-2.198283,129.99,13.46,2,67.83,23 / 23,13972409,2020-01-08 16:08:16:003,-2.5044,-3.3664,7.254,0.0142,0.019,9.8066,-0.1683,-0.5525,0.2195,-21.69,-34.44,5.38,290.01,-80.63,-159.05
58096.6,58096.60017,9,58096.6,52.2027075,-2.1968273,39.323,80.742,68.16,0.46,0.1,69.59998,39.91,38.56999,40.05,38.17,-14.89999,39.27,-0.04997993,-0.3396599,0,4,3,1305,88,0,-0.1300049,0,13.7,11.25,0,52.202343,-2.198283,129.99,13.46,2,67.83,23 / 23,13972510,2020-01-08 16:08:16:104,-2.1233,-7.3559,11.2882,-0.0789,0.0376,9.8062,0.2094,-0.7124,0.3351,-20.94,-33.69,5.19,291.49,-80.88,-158.07
58096.7,58096.69917,9,58096.7,52.2027089,-2.1968115,39.265,81.902,68.23,0.49,0.1,67.70001,39.50999,38.17,39.58,37.98999,-15,39.09,-0.03978014,-0.3294601,0,4,3,1296,88,0,-0.1300049,0,13.7,11.25,0,52.202343,-2.198283,129.99,13.46,2,67.83,23 / 23,13972609,2020-01-08 16:08:16:203,0.656,-1.6758,11.8254,0.0524,0.0299,9.8064,-0.3599,-0.2671,0.1348,-21.19,-33.87,5.94,295.39,-80.6,-156.83
58096.8,58096.79917,9,58096.8,52.2027098,-2.1967959,38.639,83.669,68.28,0.49,0.1,66.09998,39.17999,37.78999,39.28999,37.70999,-13.79999,38.56,-0.02958012,-0.28968,0,4,3,1292,88,0,0.1000061,0,13.7,11.25,0,52.202343,-2.198283,129.99,13.46,2,67.83,23 / 23,13972709,2020-01-08 16:08:16:303,-2.3544,-5.8749,10.4944,0.0261,0.0445,9.8065,-0.2935,-0.5943,0.2579,-21.69,-32.62,6.06,293.42,-80.52,-158.77
58096.9,58096.90017,9,58096.9,52.2027106,-2.1967802,38.758,85.347,68.36,0.54,0.1,65.39996,38.78999,37.56999,38.75999,37.34,-13.79999,38.21,-0.01938009,-0.27948,0,4,3,1288,88,0,0.1000061,0,13.7,11.25,0,52.202343,-2.198283,129.99,13.46,2,67.83,23 / 23,13972810,2020-01-08 16:08:16:404,-0.6187,-0.7645,11.9337,0.054,-0.0086,9.8064,0.0601,-0.0655,-0.1591,-21.12,-33.37,6.13,293.52,-80.45,-158.68
58097,58096.99917,9,58097,52.2027111,-2.1967647,38.29,86.542,68.42,0.55,0.1,65.39996,38.75,37.28999,38.5,37.08,-13.69998,37.68,-0.02958012,-0.28968,0,4,3,1278,88,0,0.1000061,0,13.8,11.25,0,52.202343,-2.198283,129.99,13.46,2,67.83,23 / 23,13972909,2020-01-08 16:08:16:503,-1.0284,-1.4237,10.5268,0.0323,0.0516,9.8064,-0.0656,-0.5475,0.1983,-21.06,-33.44,7.81,296.3,-80.18,-161.09
58097.1,58097.10017,9,58097.1,52.2027113,-2.1967492,38.182,88.032,68.49,0.56,0.1,65.20001,38.17999,36.97,38.31,36.67,-13.69998,37.74,-0.02958012,-0.28968,0,4,3,1277,88,0,-0.1300049,0,13.8,11.25,0,52.202343,-2.198283,129.99,13.46,2,67.83,23 / 23,13973010,2020-01-08 16:08:16:604,0.3002,-0.5902,11.2114,-0.0403,-0.0037,9.8065,0.1421,-0.1314,-0.0567,-21.06,-33.19,7.38,294.91,-80.49,-160.16
58097.2,58097.20017,9,58097.2,52.2027114,-2.196734,37.458,89.215,68.55,0.57,0.1,65.20001,38.06999,36.77,38.37999,37.28999,-14.10001,37.52,-0.02958012,-0.28968,0,4,3,1276,88,0,-0.1300049,0,13.8,11.25,0,52.202343,-2.198283,129.99,13.46,2,67.83,23 / 23,13973110,2020-01-08 16:08:16:704,-4.3512,-4.1544,5.5197,0.0046,0.0141,9.8066,-0.2432,-0.3955,0.1521,-21.62,-33.12,7.94,297.73,-80.59,-160.04
58097.3,58097.29917,9,58097.3,52.2027113,-2.1967189,37.148,90.517,68.61,0.57,0.1,64.79999,37.75,36.48,37.52,36.06999,-13.39999,37.31,-0.03978014,-0.27948,0,4,3,1270,88,0,0.1000061,0,13.7,11.25,2,52.202343,-2.198283,129.99,13.46,2,67.83,23 / 23,13973209,2020-01-08 16:08:16:803,-2.262,-1.5104,9.6954,-0.0466,-0.0245,9.8064,0.3045,-0.2482,-0.217,-20.87,-32.62,8.13,298.18,-80.78,-160.28
58097.4,58097.40017,9,58097.4,52.2027108,-2.196704,36.662,92.216,68.65,0.56,0.1,61.5,37.34,36.20999,37.42999,36.12,-13,37,-0.03978014,-0.27948,0,4,3,1277,88,0,-0.1300049,0,13.8,11.25,9.5,52.202343,-2.198283,129.99,13.46,2,67.83,23 / 23,13973310,2020-01-08 16:08:16:904,-3.7812,-7.4412,8.1763,0.0908,0.0531,9.806,0.0175,-0.8726,0.4089,-21.12,-32.12,8.56,300.77,-80.8,-160.9
58097.5,58097.50017,9,58097.5,52.2027101,-2.196689,36.806,93.851,68.73,0.59,0.1,56.20001,37.03,35.8,37.31999,35.73999,-11.89999,36.48,-0.02958012,-0.2499001,0,4,3,1322,88,0,0.1000061,0,13.7,11.25,14.5,52.202343,-2.198283,129.99,13.46,2,67.83,23 / 23,13973410,2020-01-08 16:08:17:004,-4.7885,3.1853,7.6763,0.0049,-0.0086,9.8066,0.1201,0.3728,-0.2192,-20.69,-32.25,8.38,298.93,-80.52,-159.62
58097.6,58097.60017,9,58097.6,52.2027091,-2.1966742,36.601,95.689,68.78,0.59,0.1,49.20001,36.64999,35.41,36.59,35.45,-10.89999,36.29,-0.02958012,-0.16014,0,4,3,1451,88,0,-0.1300049,0,13.7,11.25,16.5,52.202343,-2.198283,129.99,13.46,2,67.83,23 / 23,13973510,2020-01-08 16:08:17:104,-1.9498,4.1426,8.9207,-0.0153,0.0386,9.8065,-0.1032,-0.0762,-0.0641,-21,-32.94,9.88,303.31,-80.33,-160.17
58097.7,58097.70017,9,58097.7,52.2027083,-2.1966597,35.852,95.31,68.86,0.61,0.1,41.59998,36.44,35.67,36.34999,35.19,-9,35.89,-0.02958012,-0.1193399,0,4,3,1494,88,0,-0.1300049,0,13.7,11.25,19.5,52.202343,-2.198283,129.99,13.46,2,67.83,23 / 23,13973610,2020-01-08 16:08:17:204,-0.0471,-1.9866,10.4756,0.0242,-0.0277,9.8066,-0.1429,0.177,-0.2563,-20.94,-33.25,10.38,302.61,-80.44,-160.92
58097.8,58097.79917,9,58097.8,52.202707,-2.1966451,36.115,97.768,68.88,0.57,0.1,32.20001,36.05,35.48,36.16,34.8,-7.699982,35.81,-0.009180069,-0.1091399,0,4,3,1539,88,0,0.1000061,0,13.7,11.25,20.5,52.202343,-2.198283,129.99,13.46,2,67.83,23 / 23,13973709,2020-01-08 16:08:17:303,-2.1399,-2.1846,9.7057,0.0483,-0.0122,9.8065,-0.2327,-0.0542,-0.1406,-20.5,-32.56,10.69,304.35,-80.74,-162.93
58097.9,58097.90017,9,58097.9,52.2027058,-2.1966307,35.698,97.54,68.95,0.58,0.1,23.09998,35.78999,35.33,35.81999,34.98,-5.399994,35.54,0,-0.03978014,0,4,3,1578,88,0,-0.1300049,0,13.7,11.25,22,52.202343,-2.198283,129.99,13.46,2,67.83,23 / 23,13973810,2020-01-08 16:08:17:404,-2.0378,0.0962,8.6495,0.0057,-0.0231,9.8066,-0.1158,0.0142,-0.1167,-20.56,-33,10.88,303.03,-81.02,-163.7
58098,58098.00017,9,58098,52.2027045,-2.1966163,35.795,98.042,68.99,0.57,0.1,16.79999,35.52,35.44,35.67,35.37,-2.899994,35.52,0,-0.009180069,0,4,3,1631,88,0,0.1000061,0,13.7,11.25,22.5,52.202343,-2.198283,129.99,13.46,2,67.83,23 / 23,13973910,2020-01-08 16:08:17:504,-2.155,-2.2389,7.4585,-0.0099,0.0212,9.8065,-0.0768,-0.2966,0.1864,-19.81,-33.06,11.38,304.51,-81.07,-163.23
58098.1,58098.10017,9,58098.1,52.2027031,-2.196602,35.381,98.745,69.03,0.54,0.1,13.5,35.59,35.34999,35.58,35.2,-1.399994,35.58,0.009180069,-0.009180069,0,4,3,1625,88,0,0.1000061,0,13.7,11.25,23,52.202343,-2.198283,129.99,13.46,2,67.83,23 / 23,13974010,2020-01-08 16:08:17:604,-1.8928,-1.4723,9.423,0.0228,0.0255,9.8066,-0.0585,0.1128,0.1153,-21,-33.25,10.94,304.1,-81.12,-162.89
58098.2,58098.20017,9,58098.2,52.2027017,-2.1965879,35.201,99.041,69.08,0.54,0.1,12.39996,35.58,35.44,35.31,35.14,-0.7999878,35.55,0.02957988,0,0,4,3,1637,88,0,-0.1300049,0,13.7,11.25,24,52.202343,-2.198283,129.99,13.46,2,67.83,23 / 23,13974110,2020-01-08 16:08:17:704,-0.2614,2.3719,10.7158,-0.0286,-0.0461,9.8065,0.0786,0.124,-0.3359,-19.56,-33.37,10.63,305.07,-81.14,-162.83
58098.3,58098.30017,9,58098.3,52.2027003,-2.1965736,35.507,98.531,69.11,0.51,0.1,12.29999,35.58,35.53999,35.53,35.45,-0.8999939,35.58,0.06936002,0,0,4,3,1697,88,0,-0.1300049,0,13.7,11.25,24,52.202343,-2.198283,129.99,13.46,2,67.83,23 / 23,13974210,2020-01-08 16:08:17:804,-1.9561,-2.5425,10.5638,-0.0005,-0.0254,9.8066,-0.1217,0.2657,-0.278,-19.94,-33.5,11.31,302.85,-81.34,-165.05
58098.4,58098.40017,9,58098.4,52.2026989,-2.1965593,35.622,98.876,69.16,0.53,0.1,12.29999,35.72,35.64999,35.55,35.27,-0.6000061,35.64,0.07956004,-0.009180069,0,4,3,1708,87,0,-0.1300049,0,13.8,11.25,24,52.20268,-2.196559,127.4,10.09,3,98.46,22 / 24,13974310,2020-01-08 16:08:17:904,-0.2382,2.181,8.7705,0.0248,0.0153,9.8066,-0.0557,-0.6168,0.1836,-20.12,-33.5,11.13,300.43,-81.24,-167.05
58098.5,58098.50017,9,58098.5,52.2026974,-2.1965447,36.025,98.976,69.19,0.5,0.1,13,35.92,35.87,35.78,35.67999,-0.6999817,35.74,0.08976007,-0.01938009,0,4,3,1666,87,0,-0.1300049,0,13.7,11.25,24,52.20268,-2.196559,127.4,10.09,3,98.46,22 / 24,13974410,2020-01-08 16:08:18:004,-2.531,-3.8493,8.4542,-0.0717,-0.0609,9.8062,-0.1126,-0.1182,0.3303,-19.31,-33.75,11.63,301.22,-81.21,-169.25
58098.6,58098.60017,9,58098.6,52.2026961,-2.1965302,36.054,98.564,69.23,0.5,0.1,13,36.27,36.09999,36.2,35.75999,-0.5,36.06,0.08976007,-0.03978014,0,4,3,1623,87,0,0.1000061,0,13.7,11.25,24.5,52.20268,-2.196559,127.4,10.09,3,98.46,22 / 24,13974510,2020-01-08 16:08:18:104,-1.089,-4.3294,9.8823,-0.0447,0.0092,9.8065,-0.1666,-0.3972,0.3584,-19.75,-33.81,11.19,298.92,-81.56,-168.5
58098.7,58098.70017,9,58098.7,52.2026944,-2.1965156,36.209,99.574,69.25,0.46,0.1,12.79999,36.62,36.44,36.28999,36.19,-1.199982,36.39,0.09995985,0,0,4,3,1575,87,0,0.1000061,0,13.7,11.25,24.5,52.20268,-2.196559,127.4,10.09,3,98.46,22 / 24,13974610,2020-01-08 16:08:18:204,1.8104,1.2116,9.5218,-0.0737,-0.02,9.8063,-0.0946,0.2519,-0.1255,-19,-34.62,11.44,303.85,-82.06,-165.36
58098.8,58098.80017,9,58098.8,52.2026929,-2.1965009,36.508,99.338,69.26,0.42,0.1,12.5,36.84,36.84,36.48999,36.25999,-0.6999817,36.69,0.09995985,-0.009180069,0,4,3,1564,87,0,-0.1300049,0,13.7,11.25,24.5,52.20268,-2.196559,127.4,10.09,3,98.46,22 / 24,13974710,2020-01-08 16:08:18:304,-1.6175,0.3589,10.2362,-0.0109,0.0753,9.8063,-0.0628,-0.0984,0.0229,-19.81,-33.94,10.94,301.5,-82.45,-167.43
58098.9,58098.89917,9,58098.9,52.2026913,-2.1964861,36.742,99.261,69.27,0.38,0.1,12,36.89,36.94,37.06,36.73,-0.6000061,36.93,0.1091399,0,0,4,3,1573,87,0,-0.1300049,0,13.7,11.25,24.5,52.20268,-2.196559,127.4,10.09,3,98.46,22 / 24,13974809,2020-01-08 16:08:18:403,2.4343,0.2704,9.0977,0.0263,0.0339,9.8065,0.084,0.1667,-0.2039,-19.25,-34.25,9.94,301.18,-82.74,-166.45
58099,58099.00017,9,58099,52.2026896,-2.196471,37.48,99.94,69.29,0.36,0.1,11.5,37.28999,37.28999,37.28,37.08,-0.6999817,37.21,0.1091399,0.01937985,0,4,3,1613,87,0,-0.1300049,0,13.7,11.25,24.5,52.20268,-2.196559,127.4,10.09,3,98.46,22 / 24,13974910,2020-01-08 16:08:18:504,0.4053,1.8436,6.4258,0.058,0.0028,9.8064,0.1391,-0.4052,-0.0537,-19.19,-33.94,10.5,301.41,-82.67,-168.68
58099.1,58099.10017,9,58099.1,52.2026879,-2.1964558,37.793,99.87,69.27,0.3,0.1,11.39996,37.75,37.66,37.62,37.44,-0.2999878,37.61,0.09995985,0.0397799,0,4,3,1627,87,0,-0.1300049,0,13.7,11.25,24.5,52.20268,-2.196559,127.4,10.09,3,98.46,22 / 24,13975010,2020-01-08 16:08:18:604,-0.1404,-4.0462,11.0427,-0.0015,-0.0214,9.8065,0.2169,-0.3327,0.2668,-18.56,-34.5,9.88,297.33,-82.86,-170.12
58099.2,58099.20017,9,58099.2,52.2026864,-2.1964406,37.757,99.148,69.28,0.28,0.1,10.79999,38.08,38.09999,38.06,37.75,-0.3999939,38.04,0.09995985,0.009180069,0,4,3,1632,87,0,-0.1300049,0,13.8,11.25,24.5,52.20268,-2.196559,127.4,10.09,3,98.46,22 / 24,13975110,2020-01-08 16:08:18:704,-1.1382,1.6958,7.8322,0.0282,-0.0091,9.8065,-0.079,0.0407,0.0375,-18.81,-34.56,10.56,296.88,-83.43,-173.62
58099.3,58099.30017,9,58099.3,52.2026846,-2.1964252,38.434,99.874,69.26,0.22,0.1,10.5,38.64,38.59999,38.5,38.17999,-0.2999878,38.45,0.1091399,0.0397799,0,4,3,1631,87,0,-0.1300049,0,13.7,11.25,24.5,52.20268,-2.196559,127.4,10.09,3,98.46,22 / 24,13975210,2020-01-08 16:08:18:804,1.8771,0.1315,10.9748,-0.0098,0.0294,9.8066,0.1325,-0.0269,-0.1135,-18.87,-34.25,9.75,294.72,-84.19,-174.51
58099.4,58099.40017,9,58099.4,52.202683,-2.1964096,38.635,99.273,69.24,0.17,0.1,10.5,38.98999,39.09999,39.03999,38.95,-0.1000061,38.99,0.1091399,0.02957988,0,4,3,1630,87,0,-0.1300049,0,13.7,11.25,24.5,52.20268,-2.196559,127.4,10.09,3,98.46,23 / 24,13975310,2020-01-08 16:08:18:904,1.8176,-1.0554,9.0471,0.0379,0.0045,9.8065,-0.147,-0.0487,-0.1429,-18.19,-34.56,9.75,293.93,-84.4,-176.28
58099.5,58099.50017,9,58099.5,52.2026814,-2.1963938,39.193,99.076,69.22,0.12,0.1,10.5,39.64,39.52,39.41,39.20999,-0.7999878,39.37,0.1091399,0.02957988,0,4,3,1660,87,0,0.1000061,0,13.7,11.25,25,52.20268,-2.196559,127.4,10.09,3,98.46,23 / 24,13975410,2020-01-08 16:08:19:004,0.0063,0.183,9.9303,-0.0447,0.0097,9.8065,0.0318,-0.0471,0.1488,-18.31,-34.81,9.06,291.86,-85.17,-176.8
58099.6,58099.60017,9,58099.6,52.2026798,-2.1963779,39.535,99.049,69.2,0.09,0.1,10.20001,40.08,39.95,39.98999,39.66,-0.7999878,39.79,0.08976007,0.01937985,0,4,3,1672,87,0,0.1000061,0,13.8,11.25,25,52.20268,-2.196559,127.4,10.09,3,98.46,23 / 24,13975510,2020-01-08 16:08:19:104,1.6272,-2.385,9.8383,0.0007,-0.0171,9.8065,-0.0822,-0.0672,0.223,-18,-34.62,8.94,291.73,-85.21,-176.99
58099.7,58099.70017,9,58099.7,52.2026781,-2.1963618,39.996,99.519,69.15,0.02,0.1,9,40.55,40.42,40.70999,40.19,-0.5,40.28,0.08976007,0,0,4,3,1704,87,0,-0.1300049,0,13.7,11.25,25,52.20268,-2.196559,127.4,10.09,3,98.46,23 / 24,13975610,2020-01-08 16:08:19:204,3.6476,0.0705,9.9724,-0.003,-0.0218,9.8066,-0.0636,0.206,-0.1883,-18.69,-34.19,8.63,292.76,-85.51,-175.8
58099.8,58099.79917,9,58099.8,52.2026764,-2.1963457,40.01,99.077,69.13,-0.01,0.1,7.200012,40.86,40.84,40.75999,40.55,-0.3999939,40.71,0.09995985,0.01937985,0,4,3,1738,87,0,-0.1300049,0,13.7,11.25,25.5,52.20268,-2.196559,127.4,10.09,3,98.46,23 / 24,13975709,2020-01-08 16:08:19:303,2.0154,5.2259,8.157,0.0049,0.0233,9.8065,0.0889,0.6188,-0.5283,-18.5,-33.62,8.63,299.66,-85.57,-170.31
58099.9,58099.90017,9,58099.9,52.2026746,-2.1963291,41.022,99.742,69.08,-0.06,0.1,5.299988,41.23999,41.28,41.09,41,0.2000122,41.11,0.08976007,0.02957988,0,4,3,1763,87,0,0.1000061,0,13.8,11.25,25.5,52.20268,-2.196559,127.4,10.09,3,98.46,23 / 24,13975810,2020-01-08 16:08:19:404,2.0997,3.121,11.6264,0.0154,0.1238,9.8058,0.2444,0.406,-0.2326,-18.87,-34.19,7.94,304.41,-85.42,-162.09
58100,58100.00017,9,58100,52.2026728,-2.1963125,41.314,99.714,69.04,-0.1,0.1,3.799988,41.50999,41.62,41.50999,41.37999,0.8999939,41.6,0.09995985,0.0397799,0,4,3,1789,87,0,-0.1300049,0,13.8,11.25,25.5,52.20268,-2.196559,127.4,10.09,3,98.46,23 / 24,13975910,2020-01-08 16:08:19:504,-3.6108,-8.3619,11.8948,-0.0048,0.0459,9.8065,-0.1198,0.8877,-0.3198,-19.62,-33.87,8.5,301.79,-85.65,-166.62
58100.1,58100.10017,9,58100.1,52.202671,-2.1962957,41.803,99.322,69.02,-0.11,0.1,1.399963,42.25999,42.23,42.16,41.86,1,42.14,0.08976007,0.0397799,0,4,3,1820,87,0,-0.1300049,0,13.8,11.25,26.5,52.20268,-2.196559,127.4,10.09,3,98.46,23 / 24,13976010,2020-01-08 16:08:19:604,1.4245,8.0889,5.7951,0.0231,0.0684,9.8064,-0.2015,1.3658,-0.732,-18.62,-34.56,8.25,296.51,-85.7,-169.71
58100.2,58100.20017,9,58100.2,52.2026692,-2.1962788,42.203,99.378,68.98,-0.14,0.1,0,42.78999,42.86,42.73999,42.67999,1.600006,42.59,0.08976007,0.06936002,0,4,3,1816,87,0,-0.1300049,0,13.7,11.25,27,52.20268,-2.196559,127.4,10.09,3,98.46,23 / 24,13976110,2020-01-08 16:08:19:704,-3.554,-8.887,10.1949,-0.0026,0.1841,9.8049,0.3718,-0.1046,0.0793,-19.06,-34.5,8.44,294.64,-86.16,-172.37
58100.3,58100.30017,9,58100.3,52.2026673,-2.1962617,42.404,99.779,68.91,-0.2,0.1,0,43.20999,43.34999,42.81,42.94,2.5,43.09,0.08976007,0.09995985,0,4,3,1847,87,0,-0.1300049,0,13.7,11.25,27.5,52.20268,-2.196559,127.4,10.09,3,98.46,23 / 24,13976210,2020-01-08 16:08:19:804,3.1685,-0.974,13.6353,0.1162,-0.0271,9.8059,0.0697,0.6982,-0.6087,-18.44,-34.19,8.25,307.42,-86.54,-161.74
58100.4,58100.40017,9,58100.4,52.2026656,-2.1962444,42.966,98.831,68.88,-0.22,0.1,0,43.77,43.67,43.42999,43.39999,3.700012,43.51,0.09995985,0.1193399,0,4,3,1868,87,0,0.1000061,0,13.7,11.25,27.5,52.20268,-2.196559,127.4,10.09,3,98.46,23 / 24,13976310,2020-01-08 16:08:19:904,-0.8136,-5.2089,10.8313,0.0586,0.0943,9.806,0.4849,-0.641,0.1486,-18.44,-34.75,8.44,300.02,-86.21,-168.04
58100.5,58100.50017,9,58100.5,52.2026638,-2.1962268,43.841,99.206,68.83,-0.24,0.1,0,43.75999,44.14,43.87,43.98,4.600006,43.84,0.1091399,0.12954,0,4,3,1874,87,0,-0.1300049,0,13.7,11.25,27.5,52.20268,-2.196559,127.4,10.09,3,98.46,23 / 24,13976410,2020-01-08 16:08:20:004,3.7942,3.3251,11.7122,0.0779,-0.0755,9.806,0.4079,-0.0443,-0.055,-18.94,-34.69,8.5,300.42,-86.15,-169.33
58100.6,58100.60017,9,58100.6,52.202662,-2.1962089,44.377,98.965,68.79,-0.26,0.1,0,44.36,44.75,44.03999,45.03,5.300018,44.31,0.09995985,0.2193,0,4,3,1877,87,0,-0.1300049,0,13.8,11.25,27.5,52.20268,-2.196559,127.4,10.09,3,98.46,23 / 24,13976510,2020-01-08 16:08:20:104,2.018,1.4657,7.3629,0.1347,-0.0226,9.8056,-0.1717,-0.2932,0.2088,-17.94,-34.19,8.06,294.99,-85.34,-171.57
58100.7,58100.69917,9,58100.7,52.2026606,-2.1961908,44.888,97.259,68.72,-0.31,0.1,0,45.06,45.59,44.89,45.08,6.600006,45.12,0.07956004,0.2193,0,4,3,1899,87,0,-0.1300049,0,13.7,11.25,27.5,52.20268,-2.196559,127.4,10.09,3,98.46,23 / 24,13976609,2020-01-08 16:08:20:203,5.3588,2.0149,13.3996,-0.0759,0.0281,9.8063,0.3539,0.3802,-0.0869,-18.37,-34.62,8.19,295.66,-86.08,-171.95
58100.8,58100.79917,9,58100.8,52.2026591,-2.1961728,44.59,97.039,68.65,-0.36,0.1,0,45.53999,46.00999,45.05,45.59,6.300018,45.72,0.08976007,0.2295001,0,4,3,1915,87,0,0.1000061,0,13.7,11.25,27.5,52.20268,-2.196559,127.4,10.09,3,98.46,23 / 24,13976709,2020-01-08 16:08:20:303,3.737,1.4416,12.7982,0.0546,0.0488,9.8063,-0.635,0.099,0.6186,-18.69,-34.75,8.19,284.61,-86.13,178.19
58100.9,58100.89917,9,58100.9,52.2026579,-2.1961544,45.475,95.881,68.58,-0.39,0.1,0,45.86,46.34,45.78999,46.16,6.700012,46.06,0.09995985,0.1795199,0,4,3,1937,87,0,0.1000061,0,13.8,11.25,28,52.20268,-2.196559,127.4,10.09,3,98.46,23 / 24,13976809,2020-01-08 16:08:20:403,4.3941,13.2457,9.7913,-0.0982,-0.0544,9.8059,-0.2434,1.3151,-0.4235,-17.37,-34.5,7.13,282.88,-86.54,176.78
58101,58101.00017,9,58101,52.2026568,-2.1961357,46.102,95.541,68.54,-0.38,0.1,0,46.39,46.84999,46.44,46.8,6,46.47,0.09995985,0.13974,0,4,3,1959,87,0,-0.1300049,0,13.7,11.25,28,52.20268,-2.196559,127.4,10.09,3,98.46,23 / 24,13976910,2020-01-08 16:08:20:504,-2.4889,-6.7911,11.8087,0.0395,0.1769,9.8049,0.2668,-0.6819,0.5918,-15.81,-33.12,8.25,280.74,-86.73,170.14
58101.1,58101.09917,9,58101.1,52.2026557,-2.1961169,46.516,95.201,68.5,-0.38,0.1,0,46.95999,47.39999,46.87,47.20999,5.200012,46.97,0.1091399,0.09995985,0,4,3,1970,87,0,-0.1300049,0,13.8,11.25,28,52.20268,-2.196559,127.4,10.09,3,98.46,23 / 24,13977009,2020-01-08 16:08:20:603,1.2892,-4.0888,12.6789,0.0651,-0.1106,9.8058,0.1669,0.5271,-0.3925,-16.19,-32.94,6.81,290.2,-86.4,-176.98
58101.2,58101.20017,9,58101.2,52.2026547,-2.196098,46.483,95.01,68.46,-0.38,0.1,0,47.42999,47.78,47.31,47.47,4,47.51,0.09995985,0.08976007,0,4,3,1985,87,0,0.1000061,0,13.7,11.25,28,52.20268,-2.196559,127.4,10.09,3,98.46,23 / 24,13977110,2020-01-08 16:08:20:704,-0.4917,-5.1278,9.1327,0.0613,-0.0003,9.8065,0.0153,-0.8601,0.6065,-17.12,-33.25,5.56,293.96,-85.76,-168.3
58101.3,58101.30017,9,58101.3,52.2026538,-2.1960788,47.347,94.191,68.42,-0.38,0.1,0,47.92999,48.22,47.78,47.81,3.899994,47.89,0.08976007,0.08976007,0,4,3,2006,87,0,-0.1300049,0,13.7,11.25,28,52.20268,-2.196559,127.4,10.09,3,98.46,23 / 24,13977210,2020-01-08 16:08:20:804,1.3346,-2.0091,11.5127,-0.0165,-0.1635,9.8052,0.2092,-0.1498,0.294,-18.81,-33.37,5.94,305.29,-85.41,-155.91
58101.4,58101.39917,9,58101.4,52.2026529,-2.1960592,48.082,94.117,68.37,-0.39,0.1,0,48.25,48.66,48.14999,48.48,4,48.3,0.08976007,0.12954,0,4,3,2021,87,0,0.1000061,0,13.8,11.25,28,52.20268,-2.196559,127.4,10.09,3,98.46,23 / 23,13977309,2020-01-08 16:08:20:903,3.23,6.5563,10.8852,0.0125,-0.012,9.8065,-0.067,-0.5465,0.4548,-19.62,-33.87,6,298.9,-85.49,-161.27
58101.5,58101.50017,9,58101.5,52.2026523,-2.1960398,47.855,93.182,68.34,-0.37,0.1,0,48.59,49.11,48.48999,48.78999,4.899994,48.7,0.08976007,0.14994,0,4,3,2048,87,0,-0.1300049,0,13.7,11.25,28,52.20268,-2.196559,127.4,10.09,3,98.46,23 / 23,13977410,2020-01-08 16:08:21:004,2.0666,2.6211,10.8275,0.0187,0.017,9.8065,0.1364,-0.242,0.2258,-19.44,-34.12,7.06,304.96,-85.31,-158.71
58101.6,58101.60017,9,58101.6,52.2026517,-2.19602,48.611,92.559,68.32,-0.34,0.1,0,48.95999,49.42,48.78,49.25,5.399994,49.1,0.08976007,0.1897199,0,4,3,2057,87,0,-0.1300049,0,13.7,11.25,28.5,52.20268,-2.196559,127.4,10.09,3,98.46,23 / 23,13977510,2020-01-08 16:08:21:104,2.5101,3.8244,9.0849,0.0279,0.0926,9.8061,-0.0134,-0.5683,0.5752,-19,-34.5,7.31,300.78,-85.02,-162.14
58101.7,58101.70017,9,58101.7,52.2026513,-2.1960001,48.96,92.057,68.31,-0.32,0.1,0,49.28999,49.67999,49.17,49.23,6.200012,49.37,0.08976007,0.1693199,0,4,3,2085,87,0,0.1000061,0,13.7,11.25,28.5,52.20268,-2.196559,127.4,10.09,3,98.46,23 / 23,13977610,2020-01-08 16:08:21:204,-0.3412,-3.6445,10.7443,-0.0318,-0.0002,9.8065,0.2024,-0.0933,0.1546,-19.44,-34.69,6.81,306.43,-84.74,-156.33
58101.8,58101.80017,9,58101.8,52.2026507,-2.1959801,49.392,92.232,68.28,-0.3,0.1,0,49.42999,49.94,49.66,49.91,5.899994,49.71,0.09995985,0.1193399,0,4,3,2071,87,0,0.1000061,0,13.7,11.25,28.5,52.20268,-2.196559,127.4,10.09,3,98.46,23 / 23,13977710,2020-01-08 16:08:21:304,0.3376,-0.7958,10.0543,0.0511,0.0372,9.8063,-0.077,-0.2415,0.4871,-19.94,-34.62,7.63,309.54,-84.33,-154.99
58101.9,58101.90017,9,58101.9,52.2026505,-2.1959599,49.73,91.251,68.3,-0.25,0.1,0,49.86,50.45999,49.81,50.34,6.200012,50.05,0.09995985,0.09995985,0,4,3,2094,87,0,-0.1300049,0,13.7,11.25,28.5,52.20268,-2.196559,127.4,10.09,3,98.46,23 / 23,13977810,2020-01-08 16:08:21:404,1.0617,1.5488,9.5161,0.0105,-0.0827,9.8063,0.0119,0.0647,-0.0612,-20.56,-34.37,6.75,308.47,-83.64,-152.11
58102,58102.00017,9,58102,52.2026503,-2.1959395,50.047,90.816,68.3,-0.22,0.1,0,50.25999,50.81,50.03,50.39999,6.899994,50.38,0.08976007,0.12954,0,4,3,2096,87,0,-0.1300049,0,13.7,11.25,28.5,52.20268,-2.196559,127.4,10.09,3,98.46,23 / 23,13977910,2020-01-08 16:08:21:504,1.6532,3.6007,10.9635,0.023,-0.0104,9.8065,-0.0782,-0.3518,0.0365,-20.44,-34.19,7.25,309.63,-83.47,-151.36
58102.1,58102.10017,9,58102.1,52.2026502,-2.1959191,50.292,90.501,68.29,-0.2,0.1,0,50.75999,51.11,50.64999,50.78,6.200012,50.66,0.1091399,0.12954,0,4,3,2078,87,0,-0.1300049,0,13.7,11.25,28.5,52.20268,-2.196559,127.4,10.09,3,98.46,23 / 23,13978010,2020-01-08 16:08:21:604,0.387,0.2628,9.034,0.0414,0.0666,9.8063,0.0164,-0.2139,0.4638,-20.56,-34.87,6.94,307.63,-83.34,-152.23
58102.2,58102.20017,9,58102.2,52.2026503,-2.1958986,50.558,89.83,68.3,-0.16,0.1,0,50.89999,51.42,50.61,51.14,5.899994,51.14,0.09995985,0.1693199,0,4,3,2083,87,0,0.1000061,0,13.7,11.25,28.5,52.20268,-2.196559,127.4,10.09,3,98.46,23 / 23,13978110,2020-01-08 16:08:21:704,2.6806,1.6781,10.8241,0.0214,0.051,9.8065,-0.0302,0.0335,0.0776,-20.69,-34.31,7.25,307.45,-83.29,-152.57
58102.3,58102.30017,9,58102.3,52.2026504,-2.1958778,51.095,89.365,68.3,-0.14,0.1,0,51.23999,51.70999,50.89,51.48999,6.300018,51.39,0.09995985,0.1795199,0,4,3,2096,87,0,-0.1300049,0,13.7,11.25,28.5,52.20268,-2.196559,127.4,10.09,3,98.46,23 / 23,13978210,2020-01-08 16:08:21:804,3.1637,-0.9029,10.7116,0.0412,0.0132,9.8065,0.0648,-0.3262,-0.0525,-20.12,-34.37,6.94,304.67,-83.19,-155.38
58102.4,58102.40017,9,58102.4,52.202651,-2.1958571,51.041,87.882,68.33,-0.09,0.1,0,51.39999,51.8,51.26999,51.69,5.899994,51.61,0.1091399,0.16014,0,4,3,2082,87,0,-0.1300049,0,13.7,11.25,28.5,52.20268,-2.196559,127.4,10.09,3,98.46,23 / 23,13978310,2020-01-08 16:08:21:904,1.5194,8.136,9.5112,-0.0315,0.019,9.8065,0.2073,0.0487,-0.1437,-19.5,-34.37,6.5,301.51,-83.04,-158.49
58102.5,58102.50017,9,58102.5,52.2026516,-2.195836,52.006,87.277,68.35,-0.05,0.1,0,51.76999,52.14999,51.7,51.92,5.300018,51.77,0.09995985,0.14994,0,4,3,2109,87,0,0.1000061,0,13.7,11.25,27,52.20268,-2.196559,127.4,10.09,3,98.46,23 / 23,13978410,2020-01-08 16:08:22:004,1.7563,-1.0234,10.4355,0.0112,0.1254,9.8057,0.1495,-0.4996,0.6655,-19.44,-34.25,6.5,298.57,-82.87,-160.86
58102.6,58102.60017,9,58102.6,52.2026524,-2.1958149,51.988,86.697,68.35,-0.04,0.1,0,52.06999,52.47,51.97,52.09,4.300018,52.15,0.09995985,0.1091399,0,4,3,2113,87,0,-0.1300049,0,13.8,11.25,22.5,52.20268,-2.196559,127.4,10.09,3,98.46,23 / 23,13978510,2020-01-08 16:08:22:104,1.4328,4.602,9.3662,-0.002,0.0355,9.8065,-0.0187,0.0385,0.3095,-19.5,-34.62,6.25,299.55,-82.36,-155.96
58102.7,58102.70017,9,58102.7,52.2026534,-2.1957938,52.268,85.863,68.38,0,0.1,0,52.39,52.69,52.31999,52.34999,3.5,52.53,0.09995985,0.02957988,0,4,3,2123,87,0,0.1000061,0,13.7,11.25,18.5,52.20268,-2.196559,127.4,10.09,3,98.46,23 / 23,13978610,2020-01-08 16:08:22:204,1.3811,2.4824,10.0269,-0.0191,-0.0408,9.8065,-0.029,-0.0836,0.0753,-19.87,-34,6.31,303.61,-82.32,-152.34
58102.8,58102.80017,9,58102.8,52.2026543,-2.1957726,52.279,85.921,68.38,0,0.1,0,52.67,52.98,52.39999,52.58,3.200012,52.69,0.07956004,0,0,5,3,2125,87,0,0.1000061,0,13.7,11.25,17.5,52.20268,-2.196559,127.4,10.09,3,98.46,23 / 23,13978710,2020-01-08 16:08:22:304,0.9396,6.4159,8.3064,-0.029,-0.1029,9.806,-0.0228,0.3368,-0.1128,-20.87,-32.87,5.75,312.02,-81.92,-144.51
58102.9,58102.90017,9,58102.9,52.2026554,-2.1957514,52.463,85.216,68.42,0.05,0.1,0,52.64999,53.3,52.61,52.72,3.700012,52.73,0.05915999,-0.009180069,0,5,3,2139,87,0,-0.1300049,0,13.7,11.25,17.5,52.20268,-2.196559,127.4,10.09,3,98.46,23 / 23,13978810,2020-01-08 16:08:22:404,-0.4666,-2.3229,11.841,-0.0098,-0.0188,9.8065,0.0727,-0.1136,0.4512,-22,-32.37,6.63,317.86,-81.51,-141.55
58103,58102.99917,9,58103,52.2026565,-2.1957302,52.474,85.406,68.46,0.1,0.1,0.5,52.59,52.89999,53.05,52.64,3.600006,52.82,0.04997993,-0.02958012,0,5,3,2141,87,0,0.1000061,0,13.8,11.25,17.5,52.20268,-2.196559,127.4,10.09,3,98.46,23 / 23,13978909,2020-01-08 16:08:22:503,1.4531,-0.729,11.5542,0.0581,-0.0514,9.8062,-0.1232,0.3223,0.1093,-22.75,-32.81,6.5,321.31,-80.78,-137.31
58103.1,58103.10017,9,58103.1,52.2026574,-2.1957087,52.812,86.146,68.51,0.14,0.1,3.200012,52.73,52.95999,52.87999,53.14999,2.899994,52.81,0.04997993,-0.009180069,0,5,3,2159,87,0,-0.1300049,0,13.8,11.25,17.5,52.20268,-2.196559,127.4,10.09,3,98.46,23 / 23,13979010,2020-01-08 16:08:22:604,0.5074,-1.2052,13.2059,-0.0406,-0.0335,9.8065,0.1034,0.0413,-0.1715,-22,-32.31,6.69,323.31,-80.15,-135.74
58103.2,58103.20017,9,58103.2,52.2026586,-2.1956876,52.488,84.993,68.57,0.2,0.1,7.399963,52.50999,52.73,52.58,52.64999,2.200012,52.77,0.04997993,-0.009180069,0,5,3,2172,87,0,0.1000061,0,13.7,11.25,17.5,52.20268,-2.196559,127.4,10.09,3,98.46,23 / 23,13979110,2020-01-08 16:08:22:704,0.0249,-2.1427,14.4674,0.0514,-0.0526,9.8064,0.2948,0.94,-0.4939,-21.94,-32.44,6.56,321.64,-80.03,-136.97
58103.3,58103.29917,9,58103.3,52.2026598,-2.1956661,53.089,84.906,68.62,0.23,0.1,9.899963,52.62999,52.81,53,52.95,0.6000061,52.66,0.0397799,-0.02958012,0,5,3,2174,87,0,0.8200073,0,13.7,11.25,17.5,52.20268,-2.196559,127.4,10.09,3,98.46,23 / 23,13979209,2020-01-08 16:08:22:803,3.4761,9.3607,12.2035,0.0973,-0.0341,9.806,-0.0222,0.2936,-0.657,-21.25,-33.06,6.88,316.8,-79.72,-140.6
58103.4,58103.40117,9,58103.4,52.2026612,-2.1956448,52.751,84.254,68.69,0.28,0.1,9.799988,52.89999,52.83,52.53999,52.41,-0.3999939,52.79,0.02957988,-0.03978014,0,5,3,2205,87,0,-0.1300049,0,13.7,11.25,17.5,52.20268,-2.196559,127.4,10.09,3,98.46,23 / 23,13979311,2020-01-08 16:08:22:905,1.9854,4.4685,9.8934,-0.0834,-0.1057,9.8056,0.3029,0.1955,-0.6413,-21.5,-33.69,6.56,317.59,-80.27,-140.29
58103.5,58103.50017,9,58103.5,52.2026623,-2.1956235,52.628,84.962,68.74,0.3,0.1,8.899963,52.73999,52.72,52.5,52.17999,0,52.71,0.01937985,-0.05915999,0,5,3,2226,87,0,-0.1300049,0,13.7,11.25,17,52.20268,-2.196559,127.4,10.09,3,98.46,23 / 23,13979410,2020-01-08 16:08:23:004,-0.4735,-0.2416,10.884,-0.006,0.0783,9.8062,0.1644,0.0807,0.2744,-21.5,-33.31,6.56,314.9,-80.49,-143.02
58103.6,58103.60017,9,58103.6,52.2026635,-2.1956023,52.636,84.878,68.82,0.36,0.1,8.599976,52.50999,52.50999,52.67999,52.34999,0.3999939,52.55,0.02957988,-0.06936002,0,5,3,2233,87,0,-0.1300049,0,13.8,11.25,15,52.20268,-2.196559,127.4,10.09,3,98.46,23 / 23,13979510,2020-01-08 16:08:23:104,-2.0191,-1.1838,9.3158,-0.0414,-0.0304,9.8064,0.2303,0.1253,-0.0235,-22.31,-32.94,7.31,314.7,-80.11,-142.39
58103.7,58103.70017,9,58103.7,52.2026648,-2.1955812,52.47,84.923,68.92,0.43,0.1,8.700012,52.28999,52.37999,52.50999,52.37,0.7000122,52.37,0.02957988,-0.06936002,0,5,3,2190,87,0,0.1000061,0,13.8,11.25,12.5,52.20268,-2.196559,127.4,10.09,3,98.46,23 / 23,13979610,2020-01-08 16:08:23:204,-0.1529,0.8045,11.8348,-0.0041,-0.0443,9.8065,0.2884,0.243,-0.1169,-22.44,-32.81,6.94,315.23,-79.72,-141.53
58103.8,58103.80017,9,58103.8,52.2026661,-2.1955601,52.373,84.541,69,0.47,0.1,9.700012,52.01999,51.98999,52.28,52.09,0.5,52.06,0.01937985,-0.05915999,0,5,3,2089,87,0,0.1000061,0,13.7,11.25,9,52.20268,-2.196559,127.4,10.09,3,98.46,23 / 23,13979710,2020-01-08 16:08:23:304,0.0282,-1.33,11.3165,0.0246,-0.031,9.8065,0.0572,0.1635,-0.1956,-22.31,-32.44,7.06,313.36,-79.36,-142.97
58103.9,58103.89917,9,58103.9,52.2026672,-2.1955388,52.585,84.95,69.1,0.54,0.1,10.59998,51.91,51.81999,52.23999,51.75,0,51.99,0,-0.08976007,0,5,3,2067,87,0,-0.1300049,0,13.8,11.25,7.5,52.20268,-2.196559,127.4,10.09,3,98.46,23 / 23,13979809,2020-01-08 16:08:23:403,-0.4471,1.0837,8.7355,0.0245,0.0236,9.8065,-0.1015,0.1576,-0.0845,-22.06,-32.37,7.19,310.61,-79.25,-145.1
58104,58104.00017,9,58104,52.2026684,-2.195518,51.75,84.959,69.16,0.54,0.1,11.79999,51.7,51.67,51.45,51.39999,-0.1000061,51.62,0,0,0,5,3,2046,87,0,0.1000061,0,13.8,11.25,7,52.20268,-2.196559,127.4,10.09,3,98.46,23 / 23,13979910,2020-01-08 16:08:23:504,0.1716,-3.5382,10.6036,0.0374,0.0556,9.8063,-0.1011,0.1235,0.1178,-21.19,-32.44,7.25,308.03,-79.57,-147.91
58104.1,58104.10017,9,58104.1,52.2026695,-2.195497,51.869,84.98,69.26,0.59,0.1,12.39996,51.3,51.23999,51.67999,51.03999,-0.5,51.3,0.009180069,-0.01938009,0,5,3,2027,87,0,0.1000061,0,13.8,11.25,5.5,52.20268,-2.196559,127.4,10.09,3,98.46,23 / 23,13980010,2020-01-08 16:08:23:604,-3.325,1.0694,6.3803,0.0642,-0.0134,9.8064,-0.4108,0.0997,-0.5105,-21.25,-32.69,6.81,306.94,-79.92,-148.9
58104.2,58104.19917,9,58104.2,52.2026708,-2.1954758,52.38,84.464,69.33,0.6,0.1,12.29999,51.39,51.22,51.37999,51.36,-1.399994,51.29,0,0.009180069,0,5,3,1966,87,0,0.1000061,0,13.8,10.5,5.5,52.20268,-2.196559,127.4,10.09,3,98.46,23 / 23,13980109,2020-01-08 16:08:23:703,0.7175,1.6686,10.0933,0.0329,0.0344,9.8065,-0.0966,-0.2451,-0.1088,-20.5,-32.37,6.69,302.91,-80.9,-154.38
58104.3,58104.30017,9,58104.3,52.2026721,-2.1954549,51.71,84.179,69.36,0.57,0.1,12.5,51.48,51.42999,51.12999,50.7,-1.399994,51.45,-0.009180069,-0.02958012,0,5,3,1898,87,0,0.1000061,0,13.7,10.5,5.5,52.20268,-2.196559,127.4,10.09,3,98.46,23 / 23,13980210,2020-01-08 16:08:23:804,-0.1096,3.2222,7.1108,0.0191,0.0256,9.8066,-0.1865,0.0634,0.1981,-20.12,-32.87,6,297.67,-81.14,-156.18
58104.4,58104.40017,9,58104.4,52.2026733,-2.1954345,50.576,84.539,69.41,0.56,0.1,14.29999,51.36,51.28999,51.06,50.81999,-1,51.33,-0.009180069,-0.04997993,0,5,3,1827,87,0,-0.1300049,0,13.8,10.5,5.5,52.20268,-2.196559,127.4,10.09,3,98.46,23 / 23,13980310,2020-01-08 16:08:23:904,0.0897,2.8625,9.2001,-0.0613,0.0364,9.8063,-0.0064,-0.3306,0.1454,-19.94,-33.19,5.69,299.45,-81.61,-155.3
58104.5,58104.50017,9,58104.5,52.2026744,-2.1954139,50.861,84.922,69.46,0.56,0.1,18,51.08,50.98,51.16,50.67,-1.199982,51.08,0,-0.07956004,0,5,3,1776,87,0,-0.1300049,0,13.8,10.5,5.5,52.20268,-2.196559,127.4,10.09,3,98.46,23 / 23,13980410,2020-01-08 16:08:24:004,-1.2762,-0.8683,10.6786,-0.0332,-0.0028,9.8065,0.1354,-0.1345,0.1325,-19.75,-33.5,5.5,302.1,-82.13,-153.72
58104.6,58104.60017,9,58104.6,52.2026755,-2.1953933,50.81,84.757,69.51,0.56,0.1,19.59998,50.78,50.64999,51.14,50.62,-2.600006,50.83,0.009180069,-0.09996009,0,5,3,1731,87,0,-0.1300049,0,13.8,10.5,5.5,52.20268,-2.196559,127.4,10.09,3,98.46,23 / 23,13980510,2020-01-08 16:08:24:104,-0.7249,-0.8642,10.4712,0.0227,0.0189,9.8065,0.1219,-0.0931,0.1569,-18.87,-33.12,6.31,300.89,-81.66,-154.38
58104.7,58104.69917,9,58104.7,52.2026765,-2.1953726,51.185,85.469,69.59,0.6,0.1,18,50.62,50.36,50.81999,50.33,-3.399994,50.44,0,-0.08976007,0,5,3,1692,87,0,-0.1300049,0,13.8,10.5,5.5,52.20268,-2.196559,127.4,10.09,3,98.46,23 / 23,13980609,2020-01-08 16:08:24:203,2.366,-0.0162,12.6783,-0.0207,-0.0198,9.8066,0.3364,-0.0248,-0.0989,-19.5,-32.62,7,304.15,-81.32,-153.94
58104.8,58104.80017,9,58104.8,52.2026776,-2.195352,51.026,85.008,69.66,0.6,0.1,16.20001,50.42999,50.11,50.58,50.02,-2.600006,50.28,0,-0.08976007,0,5,3,1675,87,0,-0.1300049,0,13.8,10.5,5.5,52.20268,-2.196559,127.4,10.09,3,98.46,23 / 23,13980710,2020-01-08 16:08:24:304,-0.491,-2.3177,8.6625,-0.0376,-0.0217,9.8065,0.1514,0.1383,-0.1183,-19.75,-33.31,7.31,300.92,-80.99,-155.86
58104.9,58104.90017,9,58104.9,52.2026784,-2.1953317,50.177,86.077,69.72,0.6,0.1,15.70001,50.36,50.11,50.31,49.77,-2,50.19,-0.009180069,-0.05915999,0,5,3,1664,87,0,-0.1300049,0,13.8,10.5,5.5,52.20268,-2.196559,127.4,10.09,3,98.46,23 / 23,13980810,2020-01-08 16:08:24:404,-1.0622,-2.4413,9.1258,-0.0748,-0.0356,9.8063,0.1608,-0.1902,-0.0922,-20.12,-33.06,6.56,302.79,-81.15,-154.47
58105,58105.00017,9,58105,52.2026793,-2.1953114,50.018,85.698,69.77,0.59,0.1,16.39996,50.23999,50.09999,50.11,49.73999,-1.799988,50.17,-0.01938009,-0.04997993,0,5,3,1655,87,0,0.1000061,0,13.7,10.5,7.5,52.20268,-2.196559,127.4,10.09,3,98.46,23 / 23,13980910,2020-01-08 16:08:24:504,-1.2754,-0.5493,8.7801,-0.0596,-0.0194,9.8064,0.1174,0.1468,-0.1494,-20.12,-33.31,6.13,299.02,-81.16,-155.01
58105.1,58105.10017,9,58105.1,52.2026799,-2.1952911,49.842,86.776,69.81,0.58,0.1,17.89996,50.00999,49.86,49.94,49.59,-2.100006,50.03,-0.009180069,-0.04997993,0,5,3,1659,87,0,0.1000061,0,13.8,10.5,11,52.20268,-2.196559,127.4,10.09,3,98.46,23 / 23,13981010,2020-01-08 16:08:24:604,0.0372,0.5187,11.4564,-0.0208,0.0265,9.8065,0.1232,0.1873,-0.1307,-19.25,-33.31,6.75,304.3,-81.58,-154.18
58105.2,58105.20017,9,58105.2,52.2026808,-2.1952711,49.428,86.364,69.87,0.58,0.1,18.20001,49.75,49.44,49.67999,49.28999,-2.600006,49.69,0,-0.02958012,0,5,3,1678,87,0,-0.1300049,0,13.7,10.5,11.5,52.20268,-2.196559,127.4,10.09,3,98.46,23 / 23,13981110,2020-01-08 16:08:24:704,0.0258,0.7504,10.1018,-0.0387,-0.0036,9.8065,0.1939,0.1738,-0.2603,-18.94,-33.87,7.56,305.8,-81.87,-155.78
58105.3,58105.30017,9,58105.3,52.2026815,-2.1952507,50.101,86.52,69.94,0.6,0.1,16.89996,49.58,49.17999,49.75999,49.12,-2.600006,49.38,0,-0.04997993,0,5,3,1683,87,0,-0.1300049,0,13.8,10.5,11.5,52.20268,-2.196559,127.4,10.09,3,98.46,23 / 23,13981210,2020-01-08 16:08:24:804,-0.3708,0.4567,11.9399,-0.0065,0.0048,9.8065,0.1884,0.0021,-0.1074,-19.37,-33.94,7.38,297.43,-81.63,-159.9
58105.4,58105.40017,9,58105.4,52.2026822,-2.1952309,49.162,86.867,70.03,0.63,0.1,15.39996,49.41,49.19,49.61,49.14,-2.299988,49.32,0,-0.05915999,0,5,3,1670,87,0,-0.1300049,0,13.7,10.5,11.5,52.20268,-2.196559,127.4,10.09,3,98.46,23 / 23,13981310,2020-01-08 16:08:24:904,-1.4309,-1.3345,8.6575,0.0349,0.0096,9.8065,-0.0509,-0.3899,0.0281,-19.5,-34.56,7.31,294.66,-81.12,-161.13
58105.5,58105.49917,9,58105.5,52.2026827,-2.1952108,49.342,87.188,70.07,0.6,0.1,14.59998,49.33,49.17999,49.17,48.91,-1.799988,49.24,0,-0.04997993,0,5,3,1645,87,0,-0.1300049,0,13.7,10.5,11.5,52.20268,-2.196559,127.4,10.09,3,98.46,23 / 23,13981409,2020-01-08 16:08:25:003,-0.3113,3.1453,8.6573,-0.045,-0.0373,9.8064,0.0422,0.0195,-0.0848,-19.56,-34.75,7.44,294.39,-81,-160.88
58105.6,58105.60017,9,58105.6,52.2026835,-2.1951911,48.845,86.748,70.15,0.63,0.1,14.59998,49.14,48.98999,49.06,48.72,-1.199982,49.1,0,-0.02958012,0,5,3,1626,87,0,0.1000061,0,13.7,10.5,12,52.20268,-2.196559,127.4,10.09,3,98.46,23 / 23,13981510,2020-01-08 16:08:25:104,0.0956,-0.564,10.3393,-0.0188,0.0339,9.8065,0.0459,-0.1271,0.264,-19.94,-33.94,7.06,298.3,-81.17,-158.06
58105.7,58105.70017,9,58105.7,52.2026839,-2.1951711,48.924,87.564,70.19,0.61,0.1,14.59998,49,48.84999,49.03,48.53999,-1.600006,48.89,0,-0.02958012,0,5,3,1616,87,0,-0.1300049,0,13.8,10.5,15,52.20268,-2.196559,127.4,10.09,3,98.46,23 / 23,13981610,2020-01-08 16:08:25:204,-0.5669,0.7382,9.8304,-0.0252,0.0027,9.8066,0.0584,0.0655,-0.0244,-20.31,-34.19,7.13,300.52,-81.17,-156.11
58105.8,58105.80017,9,58105.8,52.2026846,-2.1951512,49.241,86.949,70.25,0.61,0.1,14.89996,48.86,48.75999,49.08,48.59,-1.699982,48.9,0,-0.04997993,0,5,3,1598,87,0,0.1000061,0,13.7,10.5,18,52.20268,-2.196559,127.4,10.09,3,98.46,23 / 23,13981710,2020-01-08 16:08:25:304,-0.3704,0.3775,9.1727,0.001,-0.0037,9.8065,-0.0335,-0.0294,-0.002,-19.81,-33.56,7.81,303.14,-81.1,-156.44
58105.9,58105.90017,9,58105.9,52.202685,-2.1951316,48.341,87.645,70.33,0.63,0.1,16,48.75999,48.62999,48.62,48.36,-1.600006,48.77,0.009180069,-0.05915999,0,5,3,1592,87,0,-0.1300049,0,13.7,10.5,19,52.20268,-2.196559,127.4,10.09,3,98.46,23 / 23,13981810,2020-01-08 16:08:25:404,-0.0027,-0.1761,10.6094,0.004,-0.0297,9.8065,-0.0585,0.0683,0.0624,-20.75,-33.19,7.69,303.82,-80.98,-155.58
58106,58105.99917,9,58106,52.2026856,-2.1951118,48.704,87.334,70.38,0.62,0.1,16.59998,48.64999,48.45999,48.75,48.2,-1.399994,48.61,0.01937985,-0.09996009,0,5,3,1608,87,0,-0.1300049,0,13.7,10.5,19,52.20268,-2.196559,127.4,10.09,3,98.46,23 / 23,13981909,2020-01-08 16:08:25:503,-0.0114,0.2747,10.5121,0.0063,-0.031,9.8066,-0.093,0.1267,0.0286,-20.5,-33.19,7.69,307.45,-80.77,-152.65
58106.1,58106.10017,9,58106.1,52.2026859,-2.1950919,48.892,88.294,70.44,0.62,0.1,16.5,48.61,48.39,48.78999,48.22,-2,48.59,0.02957988,-0.1091399,0,5,3,1584,87,0,0.1000061,0,13.8,10.5,19,52.20268,-2.196559,127.4,10.09,3,98.46,23 / 23,13982010,2020-01-08 16:08:25:604,-0.3625,-2.324,10.846,0.038,-0.0382,9.8065,-0.0754,0.0426,0.1318,-21,-32.81,8.38,308.45,-80.65,-151.17
58106.2,58106.19917,9,58106.2,52.2026863,-2.1950724,48.226,88.118,70.52,0.64,0.1,16.5,48.61,48.45,48.64,48.23,-1.699982,48.53,0.02957988,-0.08976007,0,5,3,1578,87,0,0.1000061,0,13.7,10.5,19,52.20268,-2.196559,127.4,10.09,3,98.46,23 / 23,13982109,2020-01-08 16:08:25:703,-1.2683,0.1772,8.2632,0.0183,-0.0636,9.8064,-0.1429,0.1833,-0.1318,-21.5,-32.69,8.19,310.45,-80.08,-148.79
58106.3,58106.30017,9,58106.3,52.2026866,-2.1950526,48.524,88.354,70.57,0.63,0.1,16.59998,48.64999,48.50999,48.64,48.09999,-1.699982,48.57,0.0397799,-0.09996009,0,5,3,1581,87,0,-0.1300049,0,13.7,10.5,19,52.20268,-2.196559,127.4,10.09,3,98.46,23 / 23,13982210,2020-01-08 16:08:25:804,0.3397,-0.4973,8.7878,0.0304,-0.0243,9.8065,-0.1413,0.0092,-0.0697,-21.31,-31.81,7.56,312.55,-80.39,-147.73
58106.4,58106.40017,9,58106.4,52.2026866,-2.1950329,48.456,89.478,70.62,0.62,0.1,17,48.72,48.56,48.64999,48.09999,-2,48.57,0.04997993,-0.08976007,0,5,3,1550,87,0,0.1000061,0,13.7,10.5,19,52.20268,-2.196559,127.4,10.09,3,98.46,23 / 23,13982310,2020-01-08 16:08:25:904,0.442,0.1652,8.673,0.0141,0.0043,9.8066,-0.1663,0.0496,-0.016,-21.06,-32.69,7.75,311.66,-80.32,-148.07
58106.5,58106.50017,9,58106.5,52.202687,-2.1950133,48.265,88.443,70.69,0.63,0.1,17.89996,48.7,48.42999,48.75999,48.3,-2,48.65,0.04997993,-0.07956004,0,5,3,1541,87,0,-0.1300049,0,13.7,10.5,19,52.20268,-2.196559,127.4,10.09,3,98.46,24 / 24,13982410,2020-01-08 16:08:26:004,0.5062,0.1182,10.6048,0.0316,0.0145,9.8065,-0.0392,-0.152,0.0389,-20.75,-32.81,8.25,310.38,-80.33,-149.15
58106.6,58106.60017,9,58106.6,52.202687,-2.1949934,48.751,89.477,70.74,0.62,0.1,18,48.7,48.59999,48.77,48.31,-2.399994,48.61,0.04997993,-0.09996009,0,5,3,1529,87,0,0.1000061,0,13.7,10.5,19,52.20268,-2.196559,127.4,10.09,3,98.46,24 / 24,13982510,2020-01-08 16:08:26:104,-1.1095,-0.7971,9.3387,-0.0239,0.0053,9.8066,-0.0021,-0.0538,-0.062,-21.06,-31.69,8.31,309.88,-80.46,-150.06
58106.7,58106.70017,9,58106.7,52.2026872,-2.194974,47.995,89.425,70.81,0.63,0.1,17.89996,48.62999,48.52,48.67,48.27,-2.399994,48.6,0.04997993,-0.07956004,0,5,3,1531,87,0,-0.1300049,0,13.7,10.5,19,52.20268,-2.196559,127.4,10.09,3,98.46,24 / 24,13982610,2020-01-08 16:08:26:204,-0.3401,-0.6886,12.3459,-0.048,0.0215,9.8064,0.2332,-0.069,0.0775,-20.87,-32.19,8.25,310.28,-80.78,-150.1
58106.8,58106.80017,9,58106.8,52.2026872,-2.1949541,48.866,89.696,70.87,0.63,0.1,17.89996,48.81,48.45,48.73999,48.20999,-2.299988,48.58,0.04997993,-0.07956004,0,5,3,1533,87,0,-0.1300049,0,13.7,10.5,19,52.20268,-2.196559,127.4,10.09,3,98.46,24 / 24,13982710,2020-01-08 16:08:26:304,2.1044,1.7904,10.2294,0.0444,0.0563,9.8063,-0.3355,-0.4058,0.34,-21.25,-32,8.94,310.48,-80.73,-152.39
58106.9,58106.90017,9,58106.9,52.2026871,-2.1949342,48.715,90.267,70.91,0.6,0.1,17.79999,48.81,48.62,48.95,48.36,-2.5,48.7,0.0397799,-0.08976007,0,5,3,1532,87,0,0.1000061,0,13.7,10.5,19,52.20268,-2.196559,127.4,10.09,3,98.46,24 / 24,13982810,2020-01-08 16:08:26:404,3.7739,4.5999,12.3563,-0.0931,0.0184,9.8062,0.3296,-0.0276,0.0577,-21.62,-32.5,8.75,312.52,-81,-150.39
58107,58107.00017,9,58107,52.2026872,-2.1949147,48.211,89.4,70.98,0.62,0.1,17.79999,48.78,48.61,48.64999,48.31,-2.5,48.73,0.0397799,-0.07956004,0,5,3,1542,87,0,0.1000061,0,13.7,10.5,19,52.20268,-2.196559,127.4,10.09,3,98.46,24 / 24,13982910,2020-01-08 16:08:26:504,-0.7234,-1.9948,9.0718,0.0639,0.0884,9.806,-0.2636,-0.644,0.6405,-21.44,-32.87,8.31,309.58,-80.74,-150.33
58107.1,58107.10017,9,58107.1,52.2026869,-2.1948948,48.636,90.945,71.03,0.61,0.1,17.39996,48.72,48.53,48.83,48.22,-2.299988,48.63,0.04997993,-0.09996009,0,5,3,1539,87,0,-0.1300049,0,13.7,10.5,19,52.20268,-2.196559,127.4,10.09,3,98.46,24 / 24,13983010,2020-01-08 16:08:26:604,-2.2423,-4.1268,9.7272,-0.0365,-0.0371,9.8064,0.1069,0.1682,-0.1724,-20.69,-33.12,8.81,310.89,-80.64,-151.62
58107.2,58107.20017,9,58107.2,52.2026868,-2.1948751,48.604,90.713,71.1,0.62,0.1,17.39996,48.66,48.41,48.75,48.3,-2.299988,48.55,0.05915999,-0.06936002,0,5,3,1555,87,0,0.1000061,0,13.7,10.5,19,52.20268,-2.196559,127.4,10.09,3,98.46,24 / 24,13983110,2020-01-08 16:08:26:704,-2.0333,-4.6982,11.1144,0.0238,0.0364,9.8065,0.0686,-0.5596,0.2304,-20.87,-32.62,8.69,308.3,-80.47,-153.6
58107.3,58107.30017,9,58107.3,52.2026864,-2.1948551,48.982,91.319,71.14,0.6,0.1,17.39996,48.62999,48.39,48.86,48.36,-2.100006,48.63,0.0397799,-0.05915999,0,5,3,1559,87,0,0.1000061,0,13.7,10.5,19,52.20268,-2.196559,127.4,10.09,3,98.46,24 / 24,13983210,2020-01-08 16:08:26:804,1.0555,-1.8524,9.6459,0.0058,-0.0097,9.8066,0.0238,-0.171,-0.0823,-20.62,-33.56,9.31,304.94,-80.41,-156.05
58107.4,58107.40017,9,58107.4,52.2026862,-2.1948355,48.485,91.228,71.2,0.6,0.1,17.59998,48.97,48.64999,48.75999,48.39,-2.299988,48.63,0.0397799,-0.02958012,0,5,3,1566,87,0,0.1000061,0,13.7,10.5,13.5,52.202663,-2.194882,125.36,13.3,2,91.25,24 / 24,13983310,2020-01-08 16:08:26:904,0.277,2.0582,6.5134,-0.0766,0.0585,9.8061,0.2388,-0.3195,0.0905,-20.87,-32.75,9.56,306.96,-81.12,-158.02
58107.5,58107.50017,9,58107.5,52.2026859,-2.1948156,48.859,91.058,71.24,0.57,0.1,17.89996,48.84999,48.61,48.62,48.12999,-2.299988,48.71,0.04997993,-0.03978014,0,5,3,1549,87,0,-0.1300049,0,13.7,10.5,6.5,52.202663,-2.194882,125.36,13.3,2,91.25,24 / 24,13983410,2020-01-08 16:08:27:004,-0.2481,-1.8738,12.5743,-0.0723,0.0448,9.8062,0.2029,-0.2694,0.0674,-19.69,-33.44,8.38,301.79,-81.34,-158.31
58107.6,58107.59917,9,58107.6,52.2026857,-2.1947958,48.715,90.985,71.28,0.55,0.1,18,48.84,48.59999,48.97,48.44,-2.5,48.66,0.0397799,-0.06936002,0,5,3,1518,87,0,0.1000061,0,13.8,10.5,4,52.202663,-2.194882,125.36,13.3,2,91.25,24 / 24,13983509,2020-01-08 16:08:27:103,0.5914,1.0376,7.5531,-0.0667,0.0256,9.8064,-0.2091,-0.1314,0.1981,-20.19,-34.06,8.5,304.88,-81.5,-158.13
58107.7,58107.70017,9,58107.7,52.2026853,-2.1947757,49.219,91.331,71.32,0.54,0.1,18,48.98999,48.72,49.05,48.48999,-2.5,48.73,0.02957988,-0.07956004,0,5,3,1514,87,0,-0.1300049,0,13.7,10.5,2.5,52.202663,-2.194882,125.36,13.3,2,91.25,24 / 24,13983610,2020-01-08 16:08:27:204,1.922,3.0036,12.0742,-0.1288,-0.0132,9.8057,0.2601,0.2577,-0.0067,-20.31,-33.69,8.69,309.88,-81.97,-154.45
58107.8,58107.80017,9,58107.8,52.202685,-2.194756,48.553,91.59,71.36,0.52,0.1,18.70001,48.78,48.75999,48.75999,48.2,-2,48.82,0.009180069,-0.09996009,0,5,3,1510,87,0,-0.1300049,0,13.7,10.5,1.5,52.202663,-2.194882,125.36,13.3,2,91.25,24 / 24,13983710,2020-01-08 16:08:27:304,-0.2901,-4.1593,9.7456,0.0337,-0.0178,9.8066,-0.3359,-0.1038,0.2093,-20.81,-32.94,8.69,310.81,-81.57,-152.8
58107.9,58107.90017,9,58107.9,52.2026844,-2.1947361,48.737,92.294,71.38,0.48,0.1,22.5,48.84,48.66,48.77,48.20999,-2.699982,48.81,0,-0.1091399,0,5,3,1539,87,0,-0.1300049,0,13.7,10.5,1.5,52.202663,-2.194882,125.36,13.3,2,91.25,24 / 24,13983810,2020-01-08 16:08:27:404,-0.7986,0.2033,7.785,-0.0472,-0.0844,9.8061,-0.0913,0.0603,-0.131,-21,-32.56,8.81,316.05,-81.71,-148.5
58108,58108.00017,9,58108,52.2026839,-2.1947166,48.276,92.264,71.42,0.48,0.1,27.09998,48.87,48.34999,48.77,48.20999,-3.600006,48.68,0,-0.16014,0,5,3,1552,87,0,0.1000061,0,13.7,10.5,1.5,52.202663,-2.194882,125.36,13.3,2,91.25,24 / 24,13983910,2020-01-08 16:08:27:504,-0.0758,-1.5223,11.3056,-0.0032,-0.007,9.8066,0.0699,-0.1334,0.0897,-21.12,-32.5,9.06,316.94,-81.57,-147.84
58108.1,58108.10017,9,58108.1,52.2026832,-2.1946966,48.949,92.977,71.46,0.47,0.1,28.29999,48.8,48.25999,48.86,48.19,-5.100006,48.51,0.009180069,-0.1795201,0,5,3,1576,87,0,0.1000061,0,13.7,10.5,1.5,52.202663,-2.194882,125.36,13.3,2,91.25,24 / 24,13984010,2020-01-08 16:08:27:604,-1.3293,-0.4591,8.5763,0.0324,-0.0149,9.8065,-0.1947,-0.0791,0.1019,-21.87,-31.62,9.44,316.49,-81.34,-147.37
58108.2,58108.20017,9,58108.2,52.2026826,-2.1946772,48.085,93.039,71.51,0.47,0.1,26.09998,48.58,48.14999,48.70999,47.92999,-5.299988,48.37,0,-0.1795201,0,5,3,1597,87,0,-0.1300049,0,13.8,10.5,1,52.202663,-2.194882,125.36,13.3,2,91.25,24 / 24,13984110,2020-01-08 16:08:27:704,-0.3697,1.5252,9.1227,-0.0151,0.0418,9.8065,0.1735,-0.426,0.3097,-21.87,-30.87,8.81,318.54,-81.32,-145.86
58108.3,58108.30017,9,58108.3,52.2026816,-2.1946575,48.445,94.135,71.54,0.45,0.1,22.39996,48.42999,47.95999,48.45,47.73,-4.600006,48.22,0,-0.14994,0,5,3,1605,87,0,0.1000061,0,13.8,10.5,0,52.202663,-2.194882,125.36,13.3,2,91.25,24 / 24,13984210,2020-01-08 16:08:27:804,0.9359,1.6645,8.8266,0.0173,-0.031,9.8066,0.033,0.0346,-0.1025,-21.31,-31.25,8.25,316.9,-81.2,-145.27
58108.4,58108.40017,9,58108.4,52.2026806,-2.194638,48.132,94.663,71.6,0.47,0.1,16.5,48.23,47.84999,48.45,47.75999,-3.600006,48.03,-0.009180069,-0.09996009,0,5,3,1621,87,0,0.1000061,0,13.7,10.5,0,52.202663,-2.194882,125.36,13.3,2,91.25,23 / 24,13984310,2020-01-08 16:08:27:904,-0.9156,-1.4367,9.2256,-0.0584,-0.0097,9.8064,0.1939,-0.1712,-0.1456,-20.94,-32.19,8.69,320.66,-81.31,-144.47
58108.5,58108.50017,9,58108.5,52.2026795,-2.1946186,47.984,95.192,71.63,0.45,0.1,11.09998,47.97,47.81999,48.06,47.53999,-2,47.85,-0.01938009,-0.02958012,0,5,3,1616,87,0,-0.1300049,0,13.8,10.5,0,52.202663,-2.194882,125.36,13.3,2,91.25,23 / 24,13984410,2020-01-08 16:08:28:004,0.2865,-0.5999,11.0881,-0.0384,0.0213,9.8065,0.2325,-0.3015,0.0283,-21.75,-32.44,8.75,317.52,-81.42,-146.57
58108.6,58108.59917,9,58108.6,52.2026784,-2.1945992,48.002,95.329,71.67,0.45,0.1,9.700012,47.84999,47.69,47.78999,47.44,-0.1999817,47.75,-0.01938009,0,0,5,3,1580,87,0,-0.1300049,0,13.8,10.5,0,52.202663,-2.194882,125.36,13.3,2,91.25,23 / 24,13984509,2020-01-08 16:08:28:103,-0.6226,0.015,7.8254,-0.004,0.0323,9.8065,-0.0921,0.2273,0.0395,-20.87,-32.87,8.56,316.5,-81.33,-147.7
58108.7,58108.70017,9,58108.7,52.2026773,-2.1945799,47.621,95.322,71.71,0.45,0.1,9.700012,47.75,47.62,47.75999,47.42,-0.1000061,47.6,-0.01938009,-0.009180069,0,5,3,1530,87,0,0.1000061,0,13.6,10.5,0,52.202663,-2.194882,125.36,13.3,2,91.25,23 / 24,13984610,2020-01-08 16:08:28:204,1.5608,1.8097,10.9886,-0.0582,0.0135,9.8064,0.1917,0.1059,-0.2621,-20.87,-33.81,9.88,319.5,-81.7,-147.76
58108.8,58108.80017,9,58108.8,52.2026761,-2.1945608,47.333,95.469,71.74,0.44,0.1,9.599976,47.23,47.28,47.34,47.25,-0.1000061,47.5,-0.009180069,0,0,5,3,1441,87,0,1.289978,1,13.7,10.5,0,52.202663,-2.194882,125.36,13.3,2,91.25,23 / 24,13984710,2020-01-08 16:08:28:304,-0.2348,-2.5006,11.603,0.0385,-0.0222,9.8065,-0.1876,0.2342,-0.2151,-20.25,-33.87,9.38,313.74,-81.77,-150.91
58108.9,58108.90017,9,58108.9,52.2026749,-2.1945415,47.747,95.55,71.79,0.45,0.1,9.299988,47.03999,46.98999,47.03999,46.97,0,46.98,0,0,0,5,3,1402,87,0,1.049988,1,13.7,10.5,0,52.202663,-2.194882,125.36,13.3,2,91.25,23 / 24,13984810,2020-01-08 16:08:28:404,1.4178,1.2447,9.8418,0.0241,-0.0271,9.8065,-0.1193,0.4383,-0.2349,-20.44,-34,10.06,314.72,-81.95,-152.82
58109,58109.00017,9,58109,52.2026739,-2.1945222,47.61,95.184,71.84,0.45,0.1,7.599976,46.67999,46.75,47.22,46.87,0.1000061,46.67,-0.01938009,0,0,5,3,1400,87,0,1.289978,1,13.7,10.5,0,52.202663,-2.194882,125.36,13.3,2,91.25,23 / 24,13984910,2020-01-08 16:08:28:504,-1.1582,-4.0286,11.5996,0.0271,-0.008,9.8066,0.0391,0.0264,-0.0034,-20.37,-34.5,9.94,311.76,-81.89,-155.25
58109.1,58109.10017,9,58109.1,52.2026728,-2.1945032,47.041,94.988,71.88,0.44,0.1,5.399963,46.55,46.64999,46.66,46.58,0.3999939,46.65,-0.03978014,0.009180069,0,5,3,1411,87,0,1.529999,1,13.7,10.5,0,52.202663,-2.194882,125.36,13.3,2,91.25,23 / 24,13985010,2020-01-08 16:08:28:604,-0.0663,1.2059,9.5762,0.0197,-0.0648,9.8064,-0.0519,0.2993,-0.283,-21.19,-34.62,9.19,306.48,-81.61,-156.01
58109.2,58109.19917,137,58109.2,52.2026717,-2.1944843,46.85,95.231,71.91,0.43,0.1,4.5,46.39999,46.52,46.25999,46.14999,1,46.42,-0.04997993,0.01937985,0,5,3,1421,87,0,1.529999,1,13.7,10.5,0,52.202663,-2.194882,125.36,13.3,2,91.25,23 / 24,13985109,2020-01-08 16:08:28:703,0.4244,-2.0436,9.3697,-0.0831,-0.0052,9.8063,0.0141,-0.1384,0.0035,-22,-35.62,8.06,303.08,-81.95,-156.17
58109.3,58109.30017,137,58109.3,52.2026706,-2.1944653,46.8,95.172,71.91,0.39,0.1,4.599976,46.06,46.31,46.17,46.09999,1.5,46.29,-0.03978014,0.01937985,0,5,3,1408,87,0,0.1000061,1,13.7,10.5,0,52.202663,-2.194882,125.36,13.3,2,91.25,23 / 24,13985210,2020-01-08 16:08:28:804,-0.5691,1.2581,10.1811,-0.0602,-0.0103,9.8064,0.053,0.1356,0.0095,-21.25,-37.06,8.19,308.47,-82.65,-152.61
58109.4,58109.40017,137,58109.4,52.2026697,-2.1944468,45.907,94.715,71.96,0.39,0.1,6.299988,45.25,45.95999,46.02,45.78,1.5,46.38,-0.02958012,-0.009180069,0,5,3,1397,87,0,0.1000061,1,13.7,10.5,0,52.202663,-2.194882,125.36,13.3,2,91.25,24 / 24,13985310,2020-01-08 16:08:28:904,0.668,3.8787,10.5777,0.0391,0.0471,9.8064,-0.1077,-0.3213,0.2334,-21.12,-35.94,9.56,313.17,-82.84,-153.95
58109.5,58109.50017,137,58109.5,52.2026689,-2.194428,46.238,93.724,71.98,0.38,0.1,5.399963,45.69,45.78999,46.83,45.87,1.100006,45.73,-0.01938009,-0.02958012,0,5,3,1382,87,0,0.1000061,1,13.7,10.5,0,52.202663,-2.194882,125.36,13.3,2,91.25,24 / 24,13985410,2020-01-08 16:08:29:004,-0.0237,0.4791,9.3736,0.038,0.0167,9.8065,-0.2398,-0.1811,0.1011,-20.25,-34.12,9.69,314.66,-82.84,-153.9
58109.6,58109.60017,137,58109.6,52.202668,-2.1944097,45.392,94.594,72.03,0.38,0.1,10.20001,45.44,45.66,45.83,45.25,0,45.73,-0.02958012,0,0,5,3,1366,87,0,0.1000061,1,13.8,10.5,0,52.202663,-2.194882,125.36,13.3,2,91.25,24 / 24,13985510,2020-01-08 16:08:29:104,-0.4373,0.8551,13.5262,0.0223,-0.0302,9.8066,0.1819,-0.5809,0.1196,-19.81,-33.81,9.25,313.26,-83.07,-152.9
58109.7,58109.70017,137,58109.7,52.2026669,-2.194391,45.932,94.838,72.02,0.33,0.1,20.29999,45.39999,45.39999,45.53999,45.37999,-0.1999817,45.44,-0.02958012,-0.07956004,0,5,3,1358,87,0,0.3399963,1,13.7,10.5,0,52.202663,-2.194882,125.36,13.3,2,91.25,24 / 24,13985610,2020-01-08 16:08:29:204,-2.9447,-8.5104,14.0161,-0.0416,0.1231,9.8058,0.3599,-1.2834,0.3675,-20.25,-33.44,8.44,312.4,-83.28,-151.57
58109.8,58109.80017,137,58109.8,52.2026659,-2.1943726,45.486,94.622,72.03,0.3,0.1,24.89996,45.45999,45.12,45.62,45.06,-3.199982,45.35,-0.01938009,-0.16014,0,5,3,1354,87,0,-0.1300049,0,13.8,10.5,0,52.202663,-2.194882,125.36,13.3,2,91.25,24 / 24,13985710,2020-01-08 16:08:29:304,-1.1938,-6.9498,11.5999,0.0612,-0.1474,9.8053,-0.1974,1.1389,-0.6687,-19.62,-33.37,8.44,314.31,-83.54,-150.2
58109.9,58109.90017,137,58109.9,52.2026651,-2.1943541,45.392,94.065,72.03,0.28,0.1,21.39996,45.36,44.98999,45.44,44.78,-4.199982,45.19,-0.02958012,-0.14994,0,5,3,1347,87,0,-0.1300049,0,13.8,10.5,0,52.202663,-2.194882,125.36,13.3,2,91.25,24 / 24,13985810,2020-01-08 16:08:29:404,-3.5592,-13.2084,13.4244,-0.0445,0.0831,9.8062,0.036,-0.662,0.2051,-20.44,-33.81,8.75,317.43,-83.22,-149.46
58110,58110.00017,137,58110,52.2026638,-2.1943363,44.442,96.358,72.09,0.31,0.1,17.5,45.17,44.84,45.23999,44.67,-3,45.06,-0.03978014,-0.1091399,0,5,3,1333,87,0,0.1000061,0,13.8,10.5,0,52.202663,-2.194882,125.36,13.3,2,91.25,24 / 24,13985910,2020-01-08 16:08:29:504,1.6561,2.38,11.3902,0.0679,-0.1805,9.8047,-0.2911,1.1052,-0.7214,-20.56,-32.87,7.94,317.71,-82.26,-145.21
58110.1,58110.10017,137,58110.1,52.2026626,-2.1943181,44.842,95.943,72.09,0.28,0.1,15.79999,44.91,44.69,45.12,44.67,-1.799988,44.91,-0.03978014,-0.06936002,0,5,3,1326,87,0,-0.1300049,0,13.8,10.5,0,52.202663,-2.194882,125.36,13.3,2,91.25,24 / 24,13986010,2020-01-08 16:08:29:604,0.6819,5.8972,8.4507,0.0677,0.0665,9.8062,-0.2414,0.1148,0.2399,-21.37,-33.62,7.88,317.7,-82.7,-145.46
58110.2,58110.20017,137,58110.2,52.2026613,-2.1943,44.874,96.124,72.13,0.29,0.1,14.09998,44.78,44.56999,44.84,44.47,-1.799988,44.72,-0.02958012,-0.04997993,0,5,3,1319,87,0,-0.1300049,0,13.8,10.5,0,52.202663,-2.194882,125.36,13.3,2,91.25,24 / 24,13986110,2020-01-08 16:08:29:704,2.797,1.6416,11.7642,-0.0249,-0.1031,9.806,0.2147,0.988,-0.5636,-21.12,-32.75,8.81,322.5,-82.49,-143.83
58110.3,58110.30017,137,58110.3,52.2026602,-2.1942817,44.852,95.733,72.1,0.23,0.1,12.70001,44.59999,44.39999,44.62,44.34999,-1.399994,44.54,-0.03978014,-0.02958012,0,5,3,1314,87,0,0.1000061,0,13.8,10.5,0,52.202663,-2.194882,125.36,13.3,2,91.25,24 / 24,13986210,2020-01-08 16:08:29:804,1.0759,5.6073,8.8456,-0.0008,-0.0524,9.8065,-0.0376,0.6119,-0.5724,-21.5,-32.12,9.38,323.75,-82.3,-142.81
58110.4,58110.40017,137,58110.4,52.2026589,-2.1942637,44.719,96.186,72.14,0.26,0.1,12.39996,44.37,44.25999,44.50999,44.36,-0.7999878,44.38,-0.02958012,-0.02958012,0,5,3,1307,87,0,-0.1300049,0,13.7,10.5,0,52.202663,-2.194882,125.36,13.3,2,91.25,24 / 24,13986310,2020-01-08 16:08:29:904,-4.7437,-5.5454,9.465,-0.0386,-0.0834,9.8062,0.123,0.5614,-0.4111,-20.44,-32.75,8.56,320.57,-82.62,-146.35
58110.5,58110.50017,137,58110.5,52.2026577,-2.1942459,44.136,96.363,72.14,0.24,0.1,11.70001,44.22,44.14999,44.3,44.05,-0.5,44.19,-0.02958012,-0.03978014,0,5,3,1304,87,0,0.1000061,0,13.8,10.5,0,52.202663,-2.194882,125.36,13.3,2,91.25,24 / 24,13986410,2020-01-08 16:08:30:004,0.0574,1.6704,8.5728,-0.0048,-0.0476,9.8065,0.0834,0.6148,-0.4527,-20.12,-32.56,8,319.51,-82.5,-144.56
58110.6,58110.60017,137,58110.6,52.2026564,-2.1942277,44.708,96.299,72.14,0.21,0.1,10.39996,44.09999,44.02,44.06999,43.87,-0.6000061,44.05,-0.02958012,-0.02958012,0,5,3,1300,87,0,0.1000061,0,13.8,10.5,0,52.202663,-2.194882,125.36,13.3,2,91.25,24 / 24,13986510,2020-01-08 16:08:30:104,-3.3704,-5.2222,9.1238,-0.0426,-0.0537,9.8064,0.0394,0.1616,-0.1351,-21.12,-33.31,9,321.94,-82.57,-144.39
58110.7,58110.70017,137,58110.7,52.2026552,-2.1942101,43.855,96.398,72.18,0.23,0.1,8.899963,43.83,43.83,44,43.83,-0.1999817,43.91,-0.02958012,-0.009180069,0,5,3,1299,87,0,0.1000061,0,13.7,10.5,0,52.202663,-2.194882,125.36,13.3,2,91.25,24 / 24,13986610,2020-01-08 16:08:30:204,0.1892,2.706,9.839,-0.0432,-0.0653,9.8063,0.0853,0.5652,-0.3962,-20.75,-32.81,8.06,318.95,-82.61,-144.52
58110.8,58110.80017,137,58110.8,52.2026538,-2.1941922,44.075,96.594,72.17,0.2,0.1,8,43.67999,43.72,43.78999,43.55,0.1000061,43.71,-0.02958012,-0.009180069,0,5,3,1297,87,0,-0.1300049,0,13.8,10.5,0,52.202663,-2.194882,125.36,13.3,2,91.25,24 / 24,13986710,2020-01-08 16:08:30:304,-1.1159,-4.4696,9.7331,0.0059,-0.0063,9.8066,-0.0109,-0.1444,0.0924,-21.31,-33.44,8.31,318.21,-82.84,-145.39
58110.9,58110.89917,137,58110.9,52.2026526,-2.1941746,43.639,96.347,72.19,0.2,0.1,7.599976,43.59,43.56,43.62999,43.44,0.3000183,43.6,-0.03978014,-0.009180069,0,5,3,1299,87,0,0.1000061,0,13.7,10.5,0,52.202663,-2.194882,125.36,13.3,2,91.25,24 / 24,13986809,2020-01-08 16:08:30:403,1.7052,3.3389,9.3918,-0.013,-0.0656,9.8063,-0.0455,0.396,-0.2623,-19.87,-34,8.81,322.37,-82.65,-144.65
58111,58111.00017,137,58111,52.2026514,-2.194157,43.549,96.24,72.2,0.2,0.1,5.700012,43.31999,43.33,43.37,43.31,0.5,43.45,-0.02958012,0,0,5,3,1291,87,0,0.1000061,0,13.7,10.5,0,52.202663,-2.194882,125.36,13.3,2,91.25,24 / 24,13986910,2020-01-08 16:08:30:504,0.2286,1.1503,9.1995,-0.0052,0.0141,9.8066,0.0554,-0.3105,0.1245,-20.75,-33.62,8.75,320.47,-82.79,-145.66
58111.1,58111.10017,137,58111.1,52.2026501,-2.1941393,43.682,96.501,72.21,0.18,0.1,3.099976,43.09,43.22,43.23999,43.12999,0.8999939,43.25,-0.02958012,0.009180069,0,5,3,1292,87,0,0.1000061,0,13.7,10.5,0,52.202663,-2.194882,125.36,13.3,2,91.25,24 / 24,13987010,2020-01-08 16:08:30:604,1.4013,4.1388,10.0092,-0.0248,-0.0278,9.8065,0.1068,0.2109,-0.0848,-20.5,-32.87,8.81,322.08,-82.84,-145.3
58111.2,58111.20017,137,58111.2,52.2026489,-2.1941219,43.193,96.479,72.22,0.17,0.1,0,42.92999,43.08,43.03,43,1.800018,43.08,-0.03978014,0.0397799,0,5,3,1281,86,0,0.1000061,0,13.7,10.5,0,52.202663,-2.194882,125.36,13.3,2,91.25,24 / 24,13987110,2020-01-08 16:08:30:704,-0.3734,-0.5021,8.9195,0,0.0506,9.8065,-0.0599,-0.4621,0.2925,-20.19,-32.37,8.63,319.86,-82.96,-147.52
58111.3,58111.30017,137,58111.3,52.2026477,-2.1941044,43.186,96.292,72.25,0.19,0.1,0,42.69,43.00999,42.92,42.95,2.399994,42.91,-0.03978014,0.05915999,0,5,3,1275,86,0,0.1000061,0,13.7,10.5,0,52.202663,-2.194882,125.36,13.3,2,91.25,24 / 24,13987210,2020-01-08 16:08:30:804,-1.3443,-3.149,10.141,-0.0222,-0.0139,9.8066,0.1154,0.0196,-0.0002,-19.12,-33.06,8,318.73,-82.89,-146.35
58111.4,58111.40017,137,58111.4,52.2026466,-2.1940872,42.599,95.56,72.24,0.16,0.1,0,42.53,42.8,42.64999,42.7,3.300018,42.77,-0.02958012,0.06936002,0,5,3,1268,86,0,-0.1300049,0,13.7,10.5,0,52.202663,-2.194882,125.36,13.3,2,91.25,24 / 24,13987310,2020-01-08 16:08:30:904,-3.2264,-1.8629,8.9253,0.0174,0.0701,9.8064,-0.0867,-0.4926,0.2956,-19.31,-32.87,8.88,321.8,-82.92,-146.44
58111.5,58111.50017,137,58111.5,52.2026455,-2.1940697,43.229,95.821,72.27,0.18,0.1,0,42.37999,42.73,42.48,42.67999,4.100006,42.55,-0.02958012,0.09995985,0,5,3,1262,86,0,0.1000061,0,13.7,10.5,0,52.202663,-2.194882,125.36,13.3,2,91.25,24 / 24,13987410,2020-01-08 16:08:31:004,0.7565,3.2085,10.3385,-0.0263,0.0146,9.8066,0.0813,-0.1323,0.0984,-19.31,-32.69,9.5,323.11,-83.19,-148.16
58111.6,58111.60017,137,58111.6,52.2026446,-2.1940526,42.307,94.682,72.27,0.16,0.1,0,42.00999,42.73,42.20999,42.61,5.5,42.46,-0.03978014,0.14994,0,5,3,1265,86,0,-0.1300049,0,13.7,10.5,0,52.202663,-2.194882,125.36,13.3,2,91.25,24 / 24,13987510,2020-01-08 16:08:31:104,-0.1328,2.5621,9.4872,0.0205,0.0522,9.8064,-0.0135,-0.343,0.1988,-19.37,-33,8.75,317.5,-83.3,-150.52
58111.7,58111.70017,137,58111.7,52.2026436,-2.1940354,42.44,95.022,72.27,0.14,0.1,0,41.84,42.53,41.91,42.34,6.800018,42.29,-0.03978014,0.1693199,0,5,3,1264,86,0,-0.1300049,0,13.7,10.5,2,52.202663,-2.194882,125.36,13.3,2,91.25,24 / 24,13987610,2020-01-08 16:08:31:204,-0.5533,-1.9912,10.186,-0.0003,0.026,9.8065,0.0225,-0.2271,0.1354,-19.94,-33,8.13,313.66,-83.32,-150.52
58111.8,58111.80017,137,58111.8,52.2026429,-2.1940182,42.581,93.958,72.3,0.16,0.1,0,41.73,42.37999,41.78999,42.41,7.100006,42.02,-0.03978014,0.1693199,0,5,3,1260,86,0,0.1000061,0,13.7,10.5,5,52.202663,-2.194882,125.36,13.3,2,91.25,24 / 24,13987710,2020-01-08 16:08:31:304,1.2747,2.9918,10.2181,-0.0153,0.0354,9.8066,0.0635,-0.1176,-0.0248,-19.19,-33.69,7.38,310.83,-83.41,-150.8
58111.9,58111.90017,137,58111.9,52.2026423,-2.1940011,42.217,93.073,72.28,0.13,0.1,0,41.48999,42.17999,41.7,42.20999,7.600006,42.09,-0.01938009,0.1693199,0,5,3,1307,86,0,-0.1300049,0,13.7,10.5,6.5,52.202663,-2.194882,125.36,13.3,2,91.25,24 / 24,13987810,2020-01-08 16:08:31:404,-0.6382,-0.4318,10.1235,0,0.0779,9.8062,0.0123,-0.3676,0.3051,-19.37,-33.87,7.94,311.37,-83.8,-153.59
58112,58112.00017,137,58112,52.2026419,-2.193984,42.145,92.305,72.3,0.13,0.1,0,41.62,42.39999,41.59,42.12,7.800018,41.93,-0.01938009,0.14994,0,5,3,1326,86,0,-0.1300049,0,13.7,10.5,7,52.202663,-2.194882,125.36,13.3,2,91.25,24 / 24,13987910,2020-01-08 16:08:31:504,0.3564,6.3517,7.9326,-0.0014,0.0301,9.8065,-0.1116,0.1929,0.0271,-19.62,-33.69,7.25,309.15,-83.75,-152.16
58112.1,58112.10017,137,58112.1,52.2026417,-2.1939668,42.134,91.194,72.29,0.11,0.1,0,41.56,42.25999,41.78,42.31999,7.5,41.85,-0.009180069,0.13974,0,5,3,1314,86,0,-0.1300049,0,13.7,10.5,7,52.202663,-2.194882,125.36,13.3,2,91.25,24 / 24,13988010,2020-01-08 16:08:31:604,-1.0351,2.2173,9.3821,-0.0589,0.0553,9.8063,0.1827,-0.2791,0.1919,-19.5,-34.25,7.19,310.97,-84.11,-151.6
58112.2,58112.19917,137,58112.2,52.2026414,-2.1939497,42.163,91.238,72.28,0.09,0.1,0,41.47,42.23,41.25999,41.97,7.600006,41.95,0,0.14994,0,5,3,1301,86,0,-0.1300049,0,13.7,10.5,7,52.202663,-2.194882,125.36,13.3,2,91.25,24 / 24,13988109,2020-01-08 16:08:31:703,-2.1207,3.9572,5.4341,0.0971,-0.023,9.8061,-0.608,0.2455,0.026,-19.69,-34.37,6.69,310.38,-83.69,-150.99
58112.3,58112.30017,137,58112.3,52.2026414,-2.1939327,41.9,89.723,72.28,0.08,0.1,0,41.66,42.33,41.42,42.22,7.700012,41.94,0,0.13974,0,5,3,1287,86,0,0.1000061,0,13.7,10.5,7.5,52.202663,-2.194882,125.36,13.3,2,91.25,24 / 24,13988210,2020-01-08 16:08:31:804,0.9463,-0.8433,9.2304,-0.0247,0.0594,9.8064,-0.1755,-0.1302,0.2686,-20.06,-33.25,6.5,313.71,-84.11,-148.78
58112.4,58112.40017,137,58112.4,52.2026414,-2.1939156,41.99,89.805,72.28,0.07,0.1,0,41.62,42.33,41.75,42.45,7.700012,41.97,-0.009180069,0.14994,0,5,3,1290,86,0,0.1000061,0,13.7,10.5,8.5,52.202663,-2.194882,125.36,13.3,2,91.25,23 / 24,13988310,2020-01-08 16:08:31:904,3.0364,4.5974,12.1086,0.1076,0.0347,9.8059,-0.1765,0.1069,0.0828,-19.56,-33.37,5.5,314.34,-84.11,-145.53
58112.5,58112.50017,137,58112.5,52.2026417,-2.1938987,41.749,88.782,72.28,0.06,0.1,0,41.58,42.23,41.56,42.11,7.100006,41.97,0,0.14994,0,5,3,1296,86,0,-0.1300049,0,13.8,10.5,9.5,52.202663,-2.194882,125.36,13.3,2,91.25,23 / 24,13988410,2020-01-08 16:08:32:004,-1.0071,3.0434,7.2714,0.0953,0.0461,9.806,-0.5212,-0.4691,0.1604,-18.75,-33.31,6.19,308.11,-83.87,-151.22
58112.6,58112.60017,137,58112.6,52.2026422,-2.1938817,41.868,87.344,72.27,0.05,0.1,0,41.50999,42.09999,41.53,42.05,6.800018,41.8,0,0.1193399,0,5,3,1305,86,0,0.1000061,0,13.8,10.5,9.5,52.202663,-2.194882,125.36,13.3,2,91.25,23 / 24,13988510,2020-01-08 16:08:32:104,1.8921,10.5336,11.8761,-0.0145,-0.0283,9.8066,0.1822,0.783,-0.507,-18.94,-33.5,5.13,305.05,-84.15,-151.46
58112.7,58112.69917,136,58112.7,52.2026427,-2.1938648,41.67,87.313,72.3,0.08,0.1,0,41.34,41.97,41.62,41.94,5.800018,41.77,0,0.07956004,0,5,3,1314,86,0,-0.1300049,0,13.7,10.5,10,52.202663,-2.194882,125.36,13.3,2,91.25,23 / 24,13988609,2020-01-08 16:08:32:203,-1.3287,1.3225,9.4046,0.0714,0.0715,9.8061,0.0062,0.0604,0.065,-18.81,-34.31,5.81,304.46,-84.02,-154.46
58112.8,58112.80017,136,58112.8,52.2026431,-2.1938478,41.81,87.101,72.31,0.08,0.1,0,41.45,41.94,41.58,41.91,5.100006,41.73,0,0.08976007,0,5,3,1328,86,0,0.1000061,0,13.7,10.5,10,52.202663,-2.194882,125.36,13.3,2,91.25,23 / 24,13988710,2020-01-08 16:08:32:304,-1.013,-5.5501,10.2552,-0.0082,-0.1056,9.806,0.1336,0.8813,-0.5257,-18.94,-34.37,5.94,307.78,-83.54,-150.8
58112.9,58112.90017,136,58112.9,52.2026439,-2.1938307,42.152,85.687,72.3,0.06,0.1,0,41.47,42.06999,41.5,41.98999,5.600006,41.76,0,0.1091399,0,5,3,1333,86,0,-0.1300049,0,13.7,10.5,10,52.202663,-2.194882,125.36,13.3,2,91.25,23 / 24,13988810,2020-01-08 16:08:32:404,-2.0026,0.468,8.1033,0.0436,-0.0119,9.8065,-0.2033,0.6335,-0.2318,-20.19,-34.06,5.69,303.26,-83.59,-154.5
58113,58113.00017,136,58113,52.2026446,-2.193814,41.321,85.876,72.32,0.08,0.1,0,41.42999,42.02,41.50999,41.84,5.600006,41.78,0,0.1091399,0,5,3,1336,86,0,0.1000061,0,13.8,10.5,10,52.202663,-2.194882,125.36,13.3,2,91.25,23 / 24,13988910,2020-01-08 16:08:32:504,-1.7876,-3.2054,10.1608,-0.0269,-0.0474,9.8064,0.1105,0.413,-0.178,-19.94,-33.81,5.56,303.06,-83.82,-155
58113.1,58113.10017,136,58113.1,52.2026455,-2.1937971,41.551,85.266,72.33,0.08,0.1,0,41.37999,41.89999,41.45,41.69,5,41.71,0,0.09995985,0,5,3,1339,86,0,0.1000061,0,13.8,10.5,10,52.202663,-2.194882,125.36,13.3,2,91.25,23 / 24,13989010,2020-01-08 16:08:32:604,1.4208,4.003,11.1748,-0.0185,-0.0692,9.8063,0.1182,0.6844,-0.4171,-19.69,-34.06,5.44,303.68,-83.85,-151.71
58113.2,58113.20017,136,58113.2,52.2026465,-2.1937802,41.9,84.469,72.33,0.08,0.1,0,41.36,41.78,41.67,41.87999,4.200012,41.66,0.009180069,0.05915999,0,5,3,1345,86,0,-0.1300049,0,13.8,10.5,10,52.202663,-2.194882,125.36,13.3,2,91.25,23 / 24,13989110,2020-01-08 16:08:32:704,-0.949,-1.8778,11.1786,-0.0292,-0.0318,9.8065,0.1722,0.032,-0.0711,-19.62,-33.69,5.44,300.55,-83.85,-154.55
58113.3,58113.30017,136,58113.3,52.2026477,-2.1937632,41.922,83.291,72.34,0.08,0.1,0,41.45999,41.81999,41.5,41.64999,3.800018,41.63,0,0.0397799,0,5,3,1347,86,0,0.1000061,0,13.8,10.5,11.5,52.202663,-2.194882,125.36,13.3,2,91.25,23 / 24,13989210,2020-01-08 16:08:32:804,0.6147,3.3303,10.2572,0.0105,-0.053,9.8065,0.1017,0.3818,-0.1706,-19.19,-33.69,5.56,305.35,-83.74,-153.26
58113.4,58113.40017,136,58113.4,52.2026487,-2.1937463,41.774,84.26,72.34,0.08,0.1,0,41.53999,41.84999,41.42,41.73999,3.899994,41.71,0,0.05915999,0,5,3,1345,86,0,-0.1300049,0,13.7,10.5,12.5,52.202663,-2.194882,125.36,13.3,2,91.25,22 / 23,13989310,2020-01-08 16:08:32:904,-1.0876,1.0402,7.7876,-0.0676,-0.0067,9.8063,0.0946,0.0088,0.0361,-19.81,-33.5,5.13,304.89,-84.05,-151.15
58113.5,58113.50017,137,58113.5,52.2026499,-2.1937295,41.634,83.492,72.33,0.05,0.1,0,41.64999,41.95999,41.64999,41.83,3.800018,41.73,0,0.05915999,0,5,3,1352,86,0,0.1000061,0,13.8,10.5,12.5,52.202663,-2.194882,125.36,13.3,2,91.25,22 / 23,13989410,2020-01-08 16:08:33:004,0.6195,-0.1077,10.829,-0.0753,-0.0256,9.8063,0.2261,0.0276,-0.0948,-18.94,-33.5,3.94,303.82,-84.18,-149.67
58113.6,58113.60117,137,58113.6,52.2026512,-2.1937127,41.778,82.735,72.33,0.05,0.1,0,41.61,41.92,41.59999,41.75999,3.399994,41.8,0.009180069,0.05915999,0,5,3,1371,86,0,0.1000061,0,13.8,10.5,12.5,52.202663,-2.194882,125.36,13.3,2,91.25,22 / 23,13989511,2020-01-08 16:08:33:105,-2.6333,-1.8422,7.9445,-0.0256,-0.0073,9.8066,-0.0551,0.2293,0.0609,-18.5,-33.87,3,298.73,-84.11,-150.91
58113.7,58113.69917,137,58113.7,52.2026526,-2.1936959,41.576,82.399,72.33,0.06,0.1,0,41.64999,41.95,41.72,41.91,3.5,41.77,0.009180069,0.05915999,0,5,3,1368,86,0,-0.1300049,0,13.7,10.5,12.5,52.202663,-2.194882,125.36,13.3,2,91.25,22 / 23,13989609,2020-01-08 16:08:33:203,0.271,2.7367,10.5735,-0.0485,-0.0485,9.8063,0.1952,0.426,-0.3145,-17.75,-34.31,3.44,302.47,-84.29,-147.83
58113.8,58113.80017,137,58113.8,52.2026541,-2.193679,41.951,81.796,72.33,0.05,0.1,0,41.66,42.02,41.81999,41.95,3.700012,41.91,0.009180069,0.05915999,0,5,3,1352,86,0,-0.1300049,0,13.8,10.5,12.5,52.202663,-2.194882,125.36,13.3,2,91.25,22 / 23,13989710,2020-01-08 16:08:33:304,-1.531,-1.2652,9.1106,-0.0332,-0.0274,9.8065,0.0745,-0.0651,-0.0587,-19.19,-34.37,4.88,307.09,-84.23,-149.51
58113.9,58113.90017,137,58113.9,52.2026555,-2.1936621,41.987,82.048,72.32,0.04,0.1,0,41.75,42.06999,41.72,41.81,4,41.87,0.009180069,0.06936002,0,5,3,1343,86,0,0.1000061,0,13.7,10.5,12.5,52.202663,-2.194882,125.36,13.3,2,91.25,22 / 23,13989810,2020-01-08 16:08:33:404,0.7673,1.0659,11.6273,-0.0446,-0.0304,9.8064,0.2291,0.1044,-0.0478,-20.12,-32.25,4.31,303.4,-84.2,-150.14
58114,58113.99917,137,58114,52.2026572,-2.1936454,41.785,80.943,72.34,0.06,0.1,0,41.62999,42.03999,41.78,42.06999,4.5,41.92,0.009180069,0.09995985,0,5,3,1348,86,0,0.1000061,0,13.8,10.5,12.5,52.202663,-2.194882,125.36,13.3,2,91.25,22 / 23,13989909,2020-01-08 16:08:33:503,0.1621,0.5968,10.3232,-0.0001,-0.0081,9.8066,-0.0318,0.081,-0.0324,-19.94,-33.06,3.31,299.51,-84.12,-150.49
58114.1,58114.10017,137,58114.1,52.2026586,-2.1936286,41.749,81.508,72.35,0.06,0.1,0,41.59999,42.2,41.77,42.03999,5.700012,41.99,0,0.12954,0,5,3,1351,86,0,0.1000061,0,13.7,10.5,12.5,52.202663,-2.194882,125.36,13.3,2,91.25,22 / 23,13990010,2020-01-08 16:08:33:604,0.0615,-1.1532,9.439,-0.0071,0.0153,9.8066,0.051,-0.0656,0.0346,-19,-34.19,2.81,299.34,-84.25,-150.6
58114.2,58114.19917,137,58114.2,52.2026605,-2.1936116,42.221,80.261,72.33,0.04,0.1,0,41.69,42.37,41.73,42.12999,6.700012,42.03,0.009180069,0.16014,0,5,3,1353,86,0,0.1000061,0,13.8,10.5,12.5,52.202663,-2.194882,125.36,13.3,2,91.25,22 / 23,13990109,2020-01-08 16:08:33:703,0.1274,1.5701,9.5155,-0.0434,-0.0174,9.8065,0.1977,0.4268,-0.1284,-18.12,-34.12,2.69,298.24,-84.16,-151.44
58114.3,58114.30017,137,58114.3,52.2026624,-2.1935947,42.188,79.568,72.34,0.04,0.1,0,41.72,42.39,41.89,42.31,7,42.04,0.009180069,0.14994,0,5,3,1357,86,0,-0.1300049,0,13.7,10.5,8.5,52.202663,-2.194882,125.36,13.3,2,91.25,22 / 23,13990210,2020-01-08 16:08:33:804,1.7531,4.8853,11.2103,0.0003,-0.0025,9.8066,0.0517,0.0851,-0.2146,-18.56,-35.19,2.69,299.06,-84.29,-150.65
58114.4,58114.40017,137,58114.4,52.2026644,-2.193578,42.019,78.882,72.34,0.04,0.1,0,41.83,42.53,41.8,42.17999,7.200012,42.15,0.009180069,0.14994,0,5,3,1357,86,0,0.1000061,0,13.8,10.5,0,52.202663,-2.194882,125.36,13.3,2,91.25,23 / 23,13990310,2020-01-08 16:08:33:904,2.0177,4.4533,9.7304,-0.0148,-0.0969,9.8062,0.1251,0.584,-0.5027,-17.75,-34.94,3,301.1,-84.29,-148.8
58114.5,58114.50017,137,58114.5,52.2026665,-2.1935612,42.127,78.414,72.33,0.04,0.1,0,41.83,42.56999,41.89,42.39999,7.700012,42.08,0,0.16014,0,5,3,1350,86,0,-0.1300049,0,13.7,10.5,0,52.202663,-2.194882,125.36,13.3,2,91.25,23 / 23,13990410,2020-01-08 16:08:34:004,3.2966,2.9581,10.7626,-0.0524,0.0026,9.8065,0.1241,0.2952,-0.0265,-18.87,-33.5,3.38,300.12,-84.64,-150.74
58114.6,58114.60017,137,58114.6,52.2026689,-2.1935445,42.001,76.989,72.34,0.05,0.1,0,41.81999,42.61,41.86,42.56,8.399994,42.21,0,0.1693199,0,5,3,1342,86,0,-0.1199951,0,13.8,10.5,0,52.202663,-2.194882,125.36,13.3,2,91.25,23 / 23,13990510,2020-01-08 16:08:34:104,-0.7285,-1.3075,8.7825,-0.0234,-0.0361,9.8065,0.1328,0.4648,-0.1368,-17.81,-34.5,2.88,300.04,-84.57,-150.5
58114.7,58114.70017,137,58114.7,52.2026712,-2.1935277,42.271,77.116,72.33,0.03,0.1,0,41.8,42.70999,41.77,42.37,8.800018,42.23,0,0.1897199,0,5,3,1360,86,0,-0.1199951,0,13.7,10.5,0,52.202663,-2.194882,125.36,13.3,2,91.25,23 / 23,13990610,2020-01-08 16:08:34:204,-0.9492,-0.8526,10.622,-0.0435,-0.0386,9.8064,0.1699,0.1492,-0.2811,-19.25,-34.62,2.06,298.89,-84.65,-148.39
58114.8,58114.80017,137,58114.8,52.2026736,-2.1935109,42.415,76.744,72.33,0.03,0.1,0,41.78,42.73,41.86,42.56999,9.100006,42.19,0,0.1999199,0,5,3,1378,86,0,-0.1199951,0,13.8,10.5,0,52.202663,-2.194882,125.36,13.3,2,91.25,23 / 23,13990710,2020-01-08 16:08:34:304,-1.8975,0.5263,10.4823,0.0411,-0.0576,9.8064,-0.0859,0.7084,-0.3725,-18.12,-34.62,1.94,293.88,-84.63,-152.82
58114.9,58114.90017,137,58114.9,52.2026766,-2.1934946,41.983,73.385,72.32,0.01,0.1,0,41.77,42.7,41.75,42.53999,9.300018,42.19,0,0.1999199,0,5,3,1387,86,0,0.1099854,0,13.7,10.5,0,52.202663,-2.194882,125.36,13.3,2,91.25,23 / 23,13990810,2020-01-08 16:08:34:404,-1.4228,5.9031,9.2011,0.0041,0.01,9.8066,-0.1028,0.5059,-0.1601,-18.69,-35,0.38,287.92,-84.61,-152.49
58115,58115.00017,137,58115,52.2026794,-2.1934779,42.448,74.449,72.33,0.02,0.1,0,41.67,42.58,41.67,42.39999,9.5,42.21,0,0.1999199,0,5,3,1385,86,0,-0.1199951,0,13.8,10.5,0,52.202663,-2.194882,125.36,13.3,2,91.25,23 / 23,13990910,2020-01-08 16:08:34:504,-0.3761,1.7429,10.709,-0.0076,-0.0522,9.8065,0.092,0.4808,-0.2138,-18.31,-34.31,0.75,292.83,-84.59,-150.78
58115.1,58115.10017,137,58115.1,52.2026826,-2.1934616,42.217,72.584,72.33,0.02,0.1,0,41.64999,42.59,41.66,42.56999,9.600006,42.09,0,0.2396998,0,5,3,1393,86,0,-0.1199951,0,13.8,10.5,0,52.202663,-2.194882,125.36,13.3,2,91.25,23 / 23,13991010,2020-01-08 16:08:34:604,0.0381,3.9688,9.8162,-0.0017,-0.0378,9.8065,0.0494,0.343,-0.2045,-17.94,-34,0.38,288.25,-84.7,-152.11
58115.2,58115.20017,137,58115.2,52.2026859,-2.1934452,42.35,71.615,72.31,0,0.1,0,41.61,42.66,41.98,42.50999,10.10001,42.23,-0.009180069,0.1897199,0,5,3,1391,86,0,-0.1199951,0,13.7,10.5,0,52.202663,-2.194882,125.36,13.3,2,91.25,23 / 23,13991110,2020-01-08 16:08:34:704,0.5978,-0.5498,10.2426,0.0119,-0.018,9.8066,0.0129,0.4283,-0.0407,-18.69,-33.81,0.63,291,-84.75,-153.12
58115.3,58115.30017,137,58115.3,52.2026893,-2.193429,42.239,71.031,72.31,0,0.1,0,41.81,42.72,41.78,42.41,9.800018,42.1,-0.009180069,0.1999199,0,5,3,1378,86,0,-0.1199951,0,13.7,10.5,0,52.202663,-2.194882,125.36,13.3,2,91.25,23 / 23,13991210,2020-01-08 16:08:34:804,-1.7795,3.0438,7.2103,0.0369,-0.051,9.8064,-0.1425,0.3141,-0.2073,-18.25,-34.69,0,288.65,-84.61,-151.26
58115.4,58115.39917,137,58115.4,52.2026931,-2.1934131,42.095,69.254,72.31,0,0.1,0,41.62,42.56,41.64999,42.53,10.39999,42.14,-0.009180069,0.1999199,0,5,3,1363,86,0,-0.1199951,0,13.8,10.5,0,52.202663,-2.194882,125.36,13.3,2,91.25,23 / 23,13991309,2020-01-08 16:08:34:903,-1.2163,1.7655,8.6602,-0.0841,-0.0703,9.8059,0.3119,0.2856,-0.1833,-18.44,-34.31,0.38,290.17,-84.74,-150.36
58115.5,58115.50017,137,58115.5,52.202697,-2.1933971,42.095,68.623,72.31,0.01,0.1,0,41.47,42.55,41.61,42.37999,10.80002,42.05,-0.009180069,0.1999199,0,5,3,1339,86,0,-0.1199951,0,13.8,10.5,0,52.202663,-2.194882,125.36,13.3,2,91.25,23 / 23,13991410,2020-01-08 16:08:35:004,1.081,4.0671,12.3058,-0.0492,-0.0083,9.8065,0.3265,0.0738,-0.0503,-18.81,-34.5,0,296.5,-84.98,-145.32
58115.6,58115.60017,137,58115.6,52.2027008,-2.193381,42.383,68.34,72.29,-0.01,0.1,0,41.59,42.48,41.55,42.34999,10.80002,41.91,-0.009180069,0.1999199,0,5,3,1300,86,0,-0.1199951,0,13.7,10.5,0,52.202663,-2.194882,125.36,13.3,2,91.25,23 / 23,13991510,2020-01-08 16:08:35:104,-0.8822,6.1843,9.4468,-0.0126,-0.0679,9.8064,0.0854,0.7682,-0.3735,-18.94,-34.75,-0.37,293.27,-84.88,-147.94
58115.7,58115.70017,137,58115.7,52.2027051,-2.1933654,42.059,66.483,72.29,-0.02,0.1,0,41.37,42.41,41.55,42.41,10.60001,41.91,-0.009180069,0.21012,0,5,3,1270,86,0,0.1099854,0,13.8,10.5,0,52.202663,-2.194882,125.36,13.3,2,91.25,23 / 23,13991610,2020-01-08 16:08:35:204,-0.8875,2.9576,9.4822,-0.0127,-0.0006,9.8066,0.0767,0.2484,-0.2082,-19.37,-34.81,-0.69,291.38,-84.88,-146.7
58115.8,58115.80017,137,58115.8,52.2027095,-2.1933497,42.361,65.605,72.27,-0.03,0.1,0,41.37999,42.34999,41.28999,42.2,10.5,41.91,-0.01938009,0.1999199,0,5,3,1252,86,0,-0.1199951,0,13.8,10.5,0,52.202663,-2.194882,125.36,13.3,2,91.25,23 / 23,13991710,2020-01-08 16:08:35:304,-0.3861,-4.7817,9.1476,-0.0152,-0.1025,9.806,-0.01,0.9662,-0.5077,-19.12,-35.37,-0.94,295.62,-84.92,-142.82
58115.9,58115.90017,137,58115.9,52.202714,-2.1933342,42.149,64.572,72.24,-0.06,0.1,0,41.39999,42.3,41.55,42.27,10.30002,41.85,-0.02958012,0.1897199,0,5,3,1242,86,0,0.1099854,0,13.7,10.5,0,52.202663,-2.194882,125.36,13.3,2,91.25,23 / 23,13991810,2020-01-08 16:08:35:404,-2.489,9.9673,8.8733,-0.0684,-0.0474,9.8063,0.1709,0.7808,-0.3829,-19.25,-34.81,-2,293.33,-85.46,-142.93
58116,58115.99917,137,58116,52.2027186,-2.1933189,42.16,63.626,72.21,-0.08,0.1,0,41.36,42.31,41.41,42.28,10,41.89,-0.02958012,0.1897199,0,5,3,1242,86,0,-0.1199951,0,13.8,10.5,0,52.202663,-2.194882,125.36,13.3,2,91.25,23 / 23,13991909,2020-01-08 16:08:35:503,-0.2746,-0.4781,8.8766,0.0356,-0.101,9.8061,-0.1111,0.8483,-0.3418,-18.62,-35.75,-2.5,292.02,-85.81,-144.57
58116.1,58116.10017,137,58116.1,52.2027235,-2.1933038,41.918,62.174,72.17,-0.12,0.1,0,41.47,42.27,41.37,42.14,9.899994,41.87,-0.02958012,0.1897199,0,5,3,1236,86,0,-0.1199951,0,13.8,10.5,0,52.202663,-2.194882,125.36,13.3,2,91.25,23 / 23,13992010,2020-01-08 16:08:35:604,-3.4717,9.5033,7.9158,0.0215,-0.1097,9.806,-0.1208,1.1272,-0.6093,-18.06,-36,-2.87,295.14,-85.71,-137.64
58116.2,58116.20017,137,58116.2,52.2027285,-2.1932888,41.915,61.48,72.13,-0.14,0.1,0,41.34999,42.37,41.50999,42.25999,10,41.81,-0.02958012,0.1897199,0,5,3,1232,86,0,0.1099854,0,13.8,10.5,1,52.202663,-2.194882,125.36,13.3,2,91.25,23 / 23,13992110,2020-01-08 16:08:35:704,-0.1612,-1.4142,9.0746,-0.0151,-0.0631,9.8064,0.0265,0.1832,0.0026,-17.81,-35.19,-3.06,291.85,-86.02,-141.53
58116.3,58116.30017,137,58116.3,52.2027337,-2.1932739,42.044,59.99,72.1,-0.16,0.1,0,41.33,42.2,41.45,42.2,9.800018,41.92,-0.02958012,0.1897199,0,5,3,1260,86,0,-0.1199951,0,13.8,10.5,1.5,52.202663,-2.194882,125.36,13.3,2,91.25,23 / 23,13992210,2020-01-08 16:08:35:804,-4.0065,7.2818,8.3688,0.0342,-0.1084,9.8059,0.0265,0.8579,-0.4559,-17.62,-35.56,-4,298.12,-85.93,-132.27
58116.4,58116.40017,137,58116.4,52.202739,-2.1932592,41.857,59.619,72.04,-0.2,0.1,0,41.37,42.3,41.45999,42.12999,9.700012,41.8,-0.02958012,0.1795199,0,5,3,1277,86,0,-0.1199951,0,13.8,10.5,1.5,52.202713,-2.19329,125.22,11.87,2,60.83,23 / 23,13992310,2020-01-08 16:08:35:904,0.0163,-1.0363,8.7603,0.0263,-0.0328,9.8065,-0.0109,-0.3801,0.1232,-17.87,-34.87,-5,293.47,-86.36,-134.69
58116.5,58116.50017,137,58116.5,52.2027444,-2.1932445,42.044,58.983,71.99,-0.23,0.1,0,41.42999,42.34,41.56,42.31999,9.399994,41.89,-0.01938009,0.16014,0,5,3,1275,86,0,0.1099854,0,13.8,10.5,1.5,52.202713,-2.19329,125.22,11.87,2,60.83,23 / 23,13992410,2020-01-08 16:08:36:004,-1.1507,1.0267,11.0947,0.0223,-0.0609,9.8063,0.1537,0.2335,0.1221,-18,-35.81,-4.87,292.73,-86.69,-135.81
58116.6,58116.60017,137,58116.6,52.2027501,-2.1932302,41.976,56.78,71.95,-0.26,0.1,0,41.62,42.42,41.62,42.23999,8.899994,41.96,-0.01938009,0.13974,0,5,3,1271,86,0,-0.1199951,0,13.7,10.5,1.5,52.202713,-2.19329,125.22,11.87,2,60.83,23 / 23,13992510,2020-01-08 16:08:36:104,-0.1993,8.0922,10.7387,0.0255,-0.0106,9.8066,-0.2943,-0.3925,0.4799,-17.62,-35.25,-5.19,294.73,-86.62,-133.95
58116.7,58116.70017,137,58116.7,52.2027558,-2.1932159,41.936,56.915,71.89,-0.29,0.1,0,41.59,42.41,41.75999,42.2,8.200012,42.05,-0.01938009,0.1091399,0,5,3,1270,86,0,-0.1199951,0,13.7,10.5,2,52.202713,-2.19329,125.22,11.87,2,60.83,23 / 23,13992610,2020-01-08 16:08:36:204,-1.0254,1.7114,10.3394,-0.0646,-0.1212,9.8056,-0.2912,-0.2474,0.2531,-17.69,-34.87,-5.94,304.22,-86.72,-122.29
58116.8,58116.80017,137,58116.8,52.2027616,-2.1932016,41.951,56.313,71.83,-0.32,0.1,0,41.8,42.47,41.81,42.44,7.700012,42.11,-0.02958012,0.1193399,0,5,3,1266,86,0,-0.1199951,0,13.8,10.5,2,52.202713,-2.19329,125.22,11.87,2,60.83,23 / 23,13992710,2020-01-08 16:08:36:304,-1.7028,6.4176,10.4155,-0.0069,-0.0821,9.8062,-0.088,-0.1843,0.1247,-16.37,-35.56,-6.62,296.15,-86.75,-124.16
58116.9,58116.90017,137,58116.9,52.2027676,-2.1931877,41.832,55.119,71.78,-0.33,0.1,0,41.84,42.39999,41.75999,42.34999,8,42.12,-0.02958012,0.14994,0,5,3,1263,86,0,-0.1199951,0,13.7,10.5,2,52.202713,-2.19329,125.22,11.87,2,60.83,23 / 23,13992810,2020-01-08 16:08:36:404,0.6447,-1.6695,10.113,0.0257,-0.0354,9.8065,-0.0395,-0.4108,0.3773,-16.56,-34.19,-6.25,299.44,-87,-126.14
58117,58117.00017,137,58117,52.2027737,-2.1931737,42.124,54.332,71.72,-0.36,0.1,0,41.84999,42.45999,41.81999,42.44,7.600006,42.07,-0.01938009,0.16014,0,5,3,1262,86,0,0.1099854,0,13.7,10.5,2,52.202713,-2.19329,125.22,11.87,2,60.83,23 / 23,13992910,2020-01-08 16:08:36:504,-1.6614,2.5187,8.5235,0.0419,-0.037,9.8064,-0.0614,0.1863,-0.0259,-17.19,-33.62,-6.87,296.02,-86.85,-126.33
58117.1,58117.10117,137,58117.1,52.20278,-2.1931598,42.347,53.662,71.68,-0.36,0.1,0,41.78999,42.59999,42.06,42.78999,7.800018,42.18,-0.01938009,0.14994,0,5,3,1259,86,0,-0.1199951,0,13.7,10.5,2,52.202713,-2.19329,125.22,11.87,2,60.83,23 / 23,13993011,2020-01-08 16:08:36:605,0.0788,0.8096,10.4684,-0.0308,-0.0069,9.8066,0.0182,-0.0337,0.1528,-16.87,-33.62,-7.12,289.6,-87.07,-132.88
58117.2,58117.20017,137,58117.2,52.2027863,-2.1931462,42.059,52.725,71.63,-0.38,0.1,0,41.92,42.66,41.98999,42.52,7.399994,42.25,-0.01938009,0.14994,0,5,3,1261,86,0,-0.1199951,0,13.7,10.5,2,52.202713,-2.19329,125.22,11.87,2,60.83,23 / 23,13993110,2020-01-08 16:08:36:704,-2.0854,5.6722,9.9572,0.041,-0.0028,9.8065,-0.2573,-0.29,0.4054,-17.12,-34.31,-7.44,283.49,-87.05,-138.79
58117.3,58117.30017,137,58117.3,52.2027929,-2.1931327,42.451,51.742,71.59,-0.38,0.1,0,41.92,42.58,42.03999,42.53,7.200012,42.3,-0.01938009,0.12954,0,5,3,1250,85,0,-0.1199951,0,13.7,10.5,2,52.202713,-2.19329,125.22,11.87,2,60.83,23 / 23,13993210,2020-01-08 16:08:36:804,-1.9344,3.2372,11.385,-0.0092,-0.0838,9.8062,0.0191,-0.1271,0.0816,-17.19,-35.06,-6.75,280.82,-87.38,-141.89
58117.4,58117.40017,137,58117.4,52.2027995,-2.1931191,42.476,51.292,71.53,-0.41,0.1,0,42,42.64999,42.06999,42.7,7.300018,42.34,-0.01938009,0.13974,0,5,3,1250,86,0,-0.1199951,0,13.8,10.5,2,52.202713,-2.19329,125.22,11.87,2,60.83,23 / 23,13993310,2020-01-08 16:08:36:904,-1.8875,4.7804,10.6742,0.0289,-0.0113,9.8066,-0.2276,-0.2343,0.1712,-16.81,-34.87,-6.37,289.03,-87.32,-136.58
58117.5,58117.50017,137,58117.5,52.2028062,-2.1931058,42.476,50.733,71.48,-0.41,0.1,0,42.17,42.8,42.25,42.64999,7.600006,42.42,-0.02958012,0.13974,0,5,3,1252,86,0,0.1099854,0,13.8,10.5,2,52.202713,-2.19329,125.22,11.87,2,60.83,23 / 23,13993410,2020-01-08 16:08:37:004,0.8339,-1.7643,8.8942,0.0004,-0.0463,9.8065,-0.0801,-0.2658,0.3626,-17.25,-34.62,-6.81,283.61,-87.33,-139.05
58117.6,58117.59917,137,58117.6,52.202813,-2.1930926,42.368,49.781,71.42,-0.42,0.1,0,42.20999,42.84999,42.23,42.78999,7.300018,42.56,-0.01938009,0.13974,0,5,3,1247,85,0,-0.1199951,0,13.7,10.5,2,52.202713,-2.19329,125.22,11.87,2,60.83,23 / 23,13993509,2020-01-08 16:08:37:103,-1.4793,2.2101,9.2385,0.0234,-0.0563,9.8065,-0.0134,0.1503,0.1351,-16.75,-34.25,-8.25,284.45,-87.31,-135.61
58117.7,58117.70017,137,58117.7,52.20282,-2.1930796,42.62,48.685,71.37,-0.44,0.1,0,42.28999,42.87,42.17999,42.75999,6.5,42.54,-0.01938009,0.09995985,0,5,3,1244,85,0,0.1099854,0,13.7,10.5,2,52.202713,-2.19329,125.22,11.87,2,60.83,23 / 23,13993610,2020-01-08 16:08:37:204,-0.0481,1.2973,10.588,-0.0127,-0.0007,9.8065,0.0405,-0.0083,-0.034,-16.12,-34.81,-7.81,283.48,-87.61,-135.39
58117.8,58117.80017,137,58117.8,52.202827,-2.1930665,42.649,48.939,71.3,-0.47,0.1,0,42.3,42.87,42.47,42.75999,6,42.54,-0.01938009,0.09995985,0,5,3,1258,85,0,-0.1199951,0,13.8,10.5,3.5,52.202713,-2.19329,125.22,11.87,2,60.83,23 / 23,13993710,2020-01-08 16:08:37:304,-0.4267,1.3184,10.0724,0.0106,0.0136,9.8066,-0.0129,0.1084,-0.0768,-15.81,-33.94,-7.94,282,-87.52,-136.8
58117.9,58117.90017,137,58117.9,52.2028342,-2.1930536,42.782,47.801,71.25,-0.47,0.1,0,42.42,43.02,42.53,42.98999,6.100006,42.69,-0.02958012,0.09995985,0,5,3,1297,85,0,-0.1199951,0,13.7,10.5,4.5,52.202713,-2.19329,125.22,11.87,2,60.83,23 / 23,13993810,2020-01-08 16:08:37:404,0.4794,1.0115,8.9281,0.0251,0.007,9.8066,0.0452,0.1116,0.0943,-16.37,-34.81,-8.81,277.57,-87.5,-138.34
58118,58118.00017,137,58118,52.2028414,-2.1930409,42.559,47.32,71.19,-0.48,0.1,0,42.59999,43.22,42.48,42.97,6.200012,42.92,-0.01938009,0.1193399,0,5,3,1319,85,0,-0.1199951,0,13.7,10.5,5,52.202713,-2.19329,125.22,11.87,2,60.83,23 / 23,13993910,2020-01-08 16:08:37:504,-0.3288,1.3283,9.1989,-0.0166,-0.0037,9.8066,0.0911,0.1043,-0.059,-16.12,-35.06,-8.81,278.15,-87.64,-138.02
58118.1,58118.09917,137,58118.1,52.2028487,-2.1930281,42.761,46.889,71.13,-0.49,0.1,0,42.66,43.23,42.75999,42.94,6.5,42.87,-0.009180069,0.12954,0,5,3,1343,85,0,0.1099854,0,13.8,10.5,5,52.202713,-2.19329,125.22,11.87,2,60.83,23 / 23,13994009,2020-01-08 16:08:37:603,-0.7411,1.7709,9.9259,-0.0084,0.0308,9.8065,0.0753,0.1053,-0.013,-16.62,-34.62,-9.62,277.11,-87.76,-138.47
58118.2,58118.20117,137,58118.2,52.2028563,-2.1930157,43.2,45.207,71.08,-0.49,0.1,0,42.69,43.28,42.78999,43.27,6.200012,42.97,0,0.13974,0,5,3,1331,85,0,-0.1199951,0,13.7,10.5,5,52.202713,-2.19329,125.22,11.87,2,60.83,23 / 23,13994111,2020-01-08 16:08:37:705,-0.1077,1.1816,10.4369,0.0132,0.0157,9.8066,0.1326,0.1748,0.0146,-15.75,-35.5,-9.62,272.4,-87.73,-141.37
58118.3,58118.30017,137,58118.3,52.2028638,-2.1930031,43.211,45.417,71,-0.52,0.1,0,42.78999,43.39,42.94,43.39999,6.300018,43,0,0.1193399,0,5,3,1314,85,0,0.1099854,0,13.8,10.5,5,52.202713,-2.19329,125.22,11.87,2,60.83,23 / 23,13994210,2020-01-08 16:08:37:804,0.3497,1.0031,9.6124,0.0108,0.0286,9.8065,0.0418,-0.0383,-0.0524,-15.12,-35.62,-9.31,271.16,-87.63,-142.99
58118.4,58118.40017,137,58118.4,52.2028715,-2.1929907,43.373,44.923,70.93,-0.54,0.1,0,42.98,43.59999,43.12,43.41,6.300018,43.21,-0.009180069,0.07956004,0,5,3,1330,85,0,-0.1199951,0,13.8,10.5,5,52.202713,-2.19329,125.22,11.87,2,60.83,23 / 23,13994310,2020-01-08 16:08:37:904,-3.4534,-0.6616,7.9453,0.0243,-0.0251,9.8066,0.0899,0.272,-0.0828,-15.06,-35.62,-9.56,271.99,-87.55,-139.43
58118.5,58118.49917,137,58118.5,52.2028794,-2.1929783,43.866,43.854,70.87,-0.54,0.1,0,43.20999,43.75,43.34999,43.8,5.899994,43.44,-0.009180069,0.09995985,0,5,3,1326,85,0,-0.1199951,0,13.8,10.5,5,52.202713,-2.19329,125.22,11.87,2,60.83,23 / 23,13994409,2020-01-08 16:08:38:003,-2.6867,3.1295,9.1133,-0.0064,0.0155,9.8066,0.0722,-0.0319,0.1071,-14.5,-35.81,-9.56,273.85,-87.67,-135.74
58118.6,58118.60117,137,58118.6,52.2028872,-2.1929661,43.51,43.526,70.77,-0.6,0.1,0,43.47,44,43.62,43.83,5.600006,43.65,0,0.08976007,0,5,3,1343,85,0,-0.1199951,0,13.8,10.5,5,52.202713,-2.19329,125.22,11.87,2,60.83,23 / 23,13994511,2020-01-08 16:08:38:105,-1.7455,4.3697,8.2289,0.0109,-0.0182,9.8066,-0.2257,0.4967,-0.3304,-14.87,-36.06,-10.56,281.91,-87.84,-127.73
58118.7,58118.70017,137,58118.7,52.2028953,-2.1929538,44.111,42.737,70.69,-0.62,0.1,0,43.59999,44.00999,43.81999,44,5.200012,43.86,0,0.08976007,0,5,3,1350,85,0,-0.1199951,0,13.8,10.5,5,52.202713,-2.19329,125.22,11.87,2,60.83,23 / 23,13994610,2020-01-08 16:08:38:204,0.2809,-0.7783,7.6314,-0.0841,-0.0057,9.8062,-0.2885,0.0049,0.1703,-14.81,-35.37,-10.62,281.35,-87.92,-128.53
58118.8,58118.80217,137,58118.8,52.2029033,-2.1929416,44.075,42.643,70.59,-0.66,0.1,0,43.81999,44.3,43.89999,44.37,5.200012,44.21,-0.009180069,0.09995985,0,5,3,1362,85,0,0.1099854,0,13.8,10.5,5,52.202713,-2.19329,125.22,11.87,2,60.83,23 / 23,13994712,2020-01-08 16:08:38:306,1.5373,2.3585,10.108,0.003,-0.0706,9.8063,-0.0662,0.189,-0.0057,-15.19,-34.56,-11.19,291.89,-88.35,-118.97
58118.9,58118.90017,137,58118.9,52.2029116,-2.1929295,44.518,41.791,70.48,-0.71,0.1,0,44.17999,44.7,44.19,44.53,5.200012,44.3,-0.009180069,0.09995985,0,5,3,1379,85,0,-0.1199951,0,13.7,10.5,5,52.202713,-2.19329,125.22,11.87,2,60.83,23 / 23,13994810,2020-01-08 16:08:38:404,-0.1785,-0.9371,9.4638,-0.0426,-0.0262,9.8064,-0.2861,-0.0739,0.0846,-14.94,-34.25,-10.87,300,-88.74,-111.74
58119,58119.00017,137,58119,52.2029199,-2.1929175,44.629,41.35,70.36,-0.76,0.1,0,44.5,44.94,44.72,44.81999,5.300018,44.61,-0.009180069,0.08976007,0,5,3,1404,85,0,-0.1199951,0,13.8,10.5,5,52.202713,-2.19329,125.22,11.87,2,60.83,23 / 23,13994910,2020-01-08 16:08:38:504,-3.3347,0.7855,9.7409,0.0005,-0.0269,9.8065,-0.1591,-0.1042,0.0895,-15,-34.19,-12.75,294.15,-88.71,-112.92
58119.1,58119.10017,137,58119.1,52.2029283,-2.1929055,44.777,41.009,70.26,-0.79,0.1,0,44.89,45.23999,44.8,45.14999,5,44.94,-0.01938009,0.08976007,0,5,3,1419,85,0,-0.1199951,0,13.8,10.5,5,52.202713,-2.19329,125.22,11.87,2,60.83,23 / 23,13995010,2020-01-08 16:08:38:604,0.0794,-1.7228,10.1399,0.0038,-0.07,9.8063,-0.0774,0.01,0.2282,-14.81,-35.37,-12.12,295.27,-88.94,-114.31
58119.2,58119.20017,137,58119.2,52.2029369,-2.1928937,45.032,40.178,70.14,-0.83,0.1,0,45.17,45.61,45.14,45.39999,5.100006,45.27,-0.01938009,0.08976007,0,5,3,1447,85,0,-0.1199951,0,13.7,10.5,5,52.202713,-2.19329,125.22,11.87,2,60.83,23 / 23,13995110,2020-01-08 16:08:38:704,1.5766,5.2461,8.3575,0.022,0.0375,9.8065,0.0737,-0.0751,0.1581,-14.81,-34.87,-12.31,309.91,-88.97,-99.98
58119.3,58119.30017,137,58119.3,52.2029454,-2.1928818,44.953,40.253,70.01,-0.89,0.1,0,45.34999,45.87,45.37999,45.62999,5,45.57,-0.009180069,0.09995985,0,5,3,1466,85,0,0.1099854,0,13.7,10.5,3,52.202713,-2.19329,125.22,11.87,2,60.83,23 / 23,13995210,2020-01-08 16:08:38:804,1.5035,0.5303,11.2122,-0.0042,0.0006,9.8066,0.1197,-0.1803,-0.0161,-14.31,-34.87,-13.19,304.91,-88.9,-100.55
58119.4,58119.39917,137,58119.4,52.202954,-2.19287,45.335,39.835,69.89,-0.91,0.1,0,45.52,46.03999,45.67,45.92999,5.100006,45.73,-0.009180069,0.08976007,0,5,3,1483,85,0,-0.1199951,0,13.7,10.5,0,52.202713,-2.19329,125.22,11.87,2,60.83,23 / 23,13995309,2020-01-08 16:08:38:903,-2.14,2.7203,8.5457,0.067,0.0041,9.8064,-0.0264,0.1138,-0.0309,-13.87,-34.75,-13.5,305.15,-88.68,-99.99
58119.5,58119.50017,137,58119.5,52.2029629,-2.1928583,45.781,38.815,69.78,-0.93,0.1,0,45.84999,46.27,45.86,46.23999,5,45.92,-0.009180069,0.08976007,0,5,3,1480,85,0,-0.1199951,0,13.7,10.5,0,52.202713,-2.19329,125.22,11.87,2,60.83,23 / 23,13995410,2020-01-08 16:08:39:004,-0.3265,0.5133,9.8427,-0.0629,0.0128,9.8064,0.1907,-0.2604,0.192,-13,-34.69,-13.81,304.07,-89.06,-97.38
58119.6,58119.59917,137,58119.6,52.2029718,-2.1928466,45.95,38.85,69.67,-0.95,0.1,0,46.03999,46.55,46.19,46.45,4.899994,46.2,-0.009180069,0.08976007,0,5,3,1481,85,0,-0.1199951,0,13.7,10.5,0,52.202713,-2.19329,125.22,11.87,2,60.83,23 / 23,13995509,2020-01-08 16:08:39:103,-2.8288,2.9399,7.7191,0.0415,0.0373,9.8064,-0.2242,0.2335,-0.1322,-12.62,-34.31,-12.06,281.09,-88.74,-123.82
58119.7,58119.69917,137,58119.7,52.2029809,-2.192835,46.116,38.142,69.56,-0.97,0.1,0,46.42999,46.73999,46.47,46.61,4.600006,46.4,-0.009180069,0.07956004,0,5,3,1460,85,0,-0.1199951,0,13.8,10.5,0,52.202713,-2.19329,125.22,11.87,2,60.83,23 / 23,13995609,2020-01-08 16:08:39:203,1.3482,-0.8254,10.5661,-0.0323,0.0418,9.8065,-0.125,-0.1256,0.239,-13.69,-34.19,-11.62,280.5,-88.87,-126.86
58119.8,58119.80017,137,58119.8,52.2029901,-2.1928235,46.656,37.291,69.45,-0.98,0.1,0,46.64,46.92,46.56999,46.91,4.300018,46.71,-0.009180069,0.06936002,0,5,3,1439,85,0,0.1099854,0,13.8,10.5,0,52.202713,-2.19329,125.22,11.87,2,60.83,23 / 23,13995710,2020-01-08 16:08:39:304,-0.7639,4.2703,11.3876,0.0136,0.1071,9.806,-0.3557,-0.1099,0.2995,-14.5,-34.81,-12.87,293.91,-88.77,-111.14
58119.9,58119.89917,137,58119.9,52.2029994,-2.1928121,46.836,36.848,69.31,-1.02,0.1,0,46.81,47.17,46.95999,47.06,4.300018,47.02,-0.01938009,0.07956004,0,5,3,1424,85,0,-0.1199951,0,13.8,10.5,0,52.202713,-2.19329,125.22,11.87,2,60.83,23 / 23,13995809,2020-01-08 16:08:39:403,-2.033,2.5251,9.3634,-0.0009,0.0222,9.8066,-0.1253,0.02,0.0619,-13.87,-34.56,-13.31,279.7,-88.7,-125.07
58120,58120.00017,137,58120,52.2030087,-2.1928005,47.063,37.107,69.2,-1.03,0.1,0,47.06,47.39999,47.17,47.3,4.300018,47.1,-0.01938009,0.08976007,0,5,3,1432,85,0,-0.1199951,0,13.8,10.5,0,52.202713,-2.19329,125.22,11.87,2,60.83,23 / 23,13995910,2020-01-08 16:08:39:504,-1.5306,1.804,10.1291,-0.0376,0.042,9.8064,0.013,-0.4035,0.1756,-12.87,-35.06,-13.06,281.12,-88.73,-121.51
58120.1,58120.10017,137,58120.1,52.2030183,-2.1927892,47.239,36.054,69.09,-1.04,0.1,0,47.23999,47.62999,47.23999,47.64999,3.899994,47.37,-0.01938009,0.07956004,0,5,3,1433,85,0,0.1099854,0,13.8,10.5,0,52.202713,-2.19329,125.22,11.87,2,60.83,23 / 23,13996010,2020-01-08 16:08:39:604,1.8934,-3.071,10.5687,-0.0275,0.0273,9.8065,-0.052,-0.2952,0.2057,-11.69,-33.12,-12.37,270.84,-88.99,-132.19
58120.2,58120.19917,137,58120.2,52.2030277,-2.1927777,47.38,36.261,68.97,-1.05,0.1,1.799988,47.58,47.81,47.52,47.73999,3,47.59,-0.01938009,0.04997993,0,5,3,1434,85,0,0.1099854,0,13.8,10.5,0,52.202713,-2.19329,125.22,11.87,2,60.83,23 / 23,13996109,2020-01-08 16:08:39:703,-1.2789,-1.678,9.5596,-0.0886,0.0571,9.806,-0.0289,-0.5306,0.2845,-11.69,-32.37,-13.31,252.62,-89.48,-149.19
58120.3,58120.30017,137,58120.3,52.2030375,-2.1927663,48.071,35.819,68.88,-1.04,0.1,3.099976,47.75999,48.02,47.89,47.86,2,47.8,-0.01938009,0.02957988,0,5,3,1416,85,0,-0.1199951,0,13.8,10.5,0,52.202713,-2.19329,125.22,11.87,2,60.83,23 / 23,13996210,2020-01-08 16:08:39:804,1.0667,-1.9065,11.1534,-0.0436,0.0434,9.8064,0.1186,-0.2405,0.291,-12.94,-32.75,-13.94,254.75,-89.36,-147.06
58120.4,58120.40117,137,58120.4,52.203047,-2.192755,47.574,35.676,68.75,-1.06,0.1,4.799988,47.84,47.98,48.09,48.03999,1.700012,48.02,-0.01938009,0.009180069,0,5,3,1402,85,0,-0.1199951,0,13.7,10.5,0,52.202713,-2.19329,125.22,11.87,2,60.83,23 / 23,13996311,2020-01-08 16:08:39:905,-2.5792,4.1187,9.0606,-0.0528,0.0619,9.8063,-0.0019,-0.2816,0.3829,-12.81,-34.12,-13.87,256.86,-88.97,-144.24
58120.5,58120.50017,137,58120.5,52.2030569,-2.1927441,47.779,34.08,68.62,-1.09,0.1,5.799988,48.22,48.23,48.28,48.23999,1.399994,48.11,-0.02958012,0,0,5,3,1391,85,0,0.1099854,0,13.8,10.5,0,52.202713,-2.19329,125.22,11.87,2,60.83,23 / 23,13996410,2020-01-08 16:08:40:004,0.5646,-1.1265,10.6657,-0.0267,-0.0473,9.8064,0.1384,-0.0552,0.0321,-12.56,-35.5,-13.37,252.19,-89.04,-151.07
58120.6,58120.59917,137,58120.6,52.2030667,-2.1927327,48.312,35.068,68.51,-1.09,0.1,5.700012,48.42,48.48,48.39999,48.28,0.8000183,48.31,-0.02958012,0,0,5,3,1385,85,0,0.1099854,0,13.8,10.5,0,52.202713,-2.19329,125.22,11.87,2,60.83,23 / 23,13996509,2020-01-08 16:08:40:103,0.1297,-0.1856,8.9668,-0.0006,-0.0012,9.8066,-0.009,-0.0112,0.0716,-13.62,-34.5,-13.37,258.37,-88.86,-146.77
58120.7,58120.70017,137,58120.7,52.2030765,-2.1927216,48.092,34.623,68.39,-1.1,0.1,6.799988,48.48,48.62999,48.62999,48.36,1.200012,48.49,-0.02958012,0,0,5,3,1388,85,0,0.1099854,0,13.8,10.5,0,52.202713,-2.19329,125.22,11.87,2,60.83,23 / 23,13996610,2020-01-08 16:08:40:204,0.589,-0.6295,9.5785,0.0111,-0.0071,9.8066,0.0525,-0.0286,0.0231,-13.56,-34.44,-13.5,260.01,-88.64,-144.73
58120.8,58120.80117,136,58120.8,52.2030865,-2.1927103,48.69,34.616,68.27,-1.1,0.1,8.200012,48.77,48.67999,48.91,48.66,0.7000122,48.64,-0.02958012,-0.009180069,0,5,3,1411,85,0,-0.1199951,0,13.8,10.5,0,52.202713,-2.19329,125.22,11.87,2,60.83,23 / 23,13996711,2020-01-08 16:08:40:305,1.0816,0.8571,9.7569,0.0091,-0.0138,9.8066,0.0359,0.0308,-0.0982,-13.94,-34.06,-14.12,258.6,-88.52,-143.91
58120.9,58120.90017,136,58120.9,52.2030965,-2.192699,48.668,34.701,68.16,-1.1,0.1,8.5,48.92999,48.81,48.94,48.78,0.3000183,48.77,-0.03978014,-0.009180069,0,5,3,1421,85,0,0.1099854,0,13.6,10.5,0,52.202713,-2.19329,125.22,11.87,2,60.83,23 / 23,13996810,2020-01-08 16:08:40:404,1.3624,-1.6656,10.2879,-0.0367,0.011,9.8065,-0.0602,-0.0842,0.1413,-14.25,-34.56,-14.37,257.46,-88.68,-145.26
58121,58121.00017,136,58121,52.2031065,-2.1926877,48.852,34.499,68.04,-1.11,0.1,8.399963,48.95,49.03999,49.12999,48.86,0.2000122,48.95,-0.03978014,-0.01938009,0,5,3,1433,85,0,0.1099854,0,13.8,10.5,0,52.202713,-2.19329,125.22,11.87,2,60.83,23 / 23,13996910,2020-01-08 16:08:40:504,-0.2627,0.8064,9.3286,0.0228,-0.0118,9.8066,-0.0463,0.3023,-0.107,-13.56,-34.5,-14.12,262.16,-88.66,-140.55
58121.1,58121.09917,136,58121.1,52.2031164,-2.1926763,48.852,34.876,67.92,-1.11,0.1,8.399963,49.05,49.06,49.19,48.91,0.5,49.05,-0.03978014,-0.01938009,0,5,3,1461,85,0,0.3500061,1,13.7,10.5,0,52.202713,-2.19329,125.22,11.87,2,60.83,23 / 23,13997009,2020-01-08 16:08:40:603,-1.1204,0.3215,9.9243,0.0122,-0.0146,9.8066,0.0239,0.2454,-0.0962,-13.75,-34.25,-13.81,263.14,-88.55,-139.39
58121.2,58121.20017,136,58121.2,52.2031264,-2.1926649,49.09,34.661,67.8,-1.13,0.1,8.099976,49.14999,49.17,49.28,49.17999,0.3999939,49.13,-0.03978014,0,0,5,3,1473,85,0,0.5899963,1,13.7,10.5,0,52.202713,-2.19329,125.22,11.87,2,60.83,23 / 23,13997110,2020-01-08 16:08:40:704,0.7074,-1.865,10.2112,0.006,-0.0114,9.8066,0.0048,0.2065,-0.1479,-13.44,-34.44,-13.5,260.43,-88.61,-142.04
58121.3,58121.30017,136,58121.3,52.2031366,-2.1926535,49.392,34.591,67.68,-1.13,0.1,8.200012,49.37999,49.33,49.55,49.39,0.1000061,49.3,-0.03978014,0,0,5,3,1490,85,0,0.3500061,1,13.7,10.5,0,52.202713,-2.19329,125.22,11.87,2,60.83,23 / 23,13997210,2020-01-08 16:08:40:804,1.748,-2.236,9.2862,-0.0028,0.0335,9.8065,-0.0349,0.0007,-0.0724,-13.94,-34,-13.5,252.55,-88.77,-152.48
58121.4,58121.40017,136,58121.4,52.2031466,-2.1926419,49.464,34.762,67.55,-1.15,0.1,8.200012,49.53999,49.61,49.67,49.39999,0.2000122,49.47,-0.04997993,0,0,5,3,1492,85,0,0.1099854,1,13.7,10.5,0,52.202713,-2.19329,125.22,11.87,2,60.83,22 / 23,13997310,2020-01-08 16:08:40:904,0.1757,0.6927,9.8159,0.0059,-0.0058,9.8066,0.0232,0.1557,-0.1215,-14.25,-33.81,-14.25,241.82,-88.88,-161.49
58121.5,58121.50017,136,58121.5,52.2031568,-2.1926306,49.352,34.326,67.42,-1.16,0.1,8.299988,49.84,49.8,49.83,49.45,0.2000122,49.67,-0.04997993,0,0,5,3,1497,85,0,1.299988,1,13.7,10.5,0,52.202713,-2.19329,125.22,11.87,2,60.83,22 / 23,13997410,2020-01-08 16:08:41:004,-0.4425,0.5361,9.6845,-0.003,0.0158,9.8066,-0.0488,0.1196,-0.0749,-13,-34.06,-14.87,228.41,-88.93,-171.14
58121.6,58121.60017,136,58121.6,52.203167,-2.1926191,49.77,34.443,67.3,-1.16,0.1,10,49.81,49.84999,49.95,49.78999,0.2000122,49.8,-0.03978014,0,0,5,3,1499,85,0,0.3500061,1,13.7,10.5,0,52.202713,-2.19329,125.22,11.87,2,60.83,22 / 23,13997510,2020-01-08 16:08:41:104,1.0693,-0.7815,9.7938,0.0064,-0.0074,9.8066,0.0581,0.1156,-0.096,-11.81,-34.75,-14.81,213.27,-88.95,175.65
58121.7,58121.70017,136,58121.7,52.2031772,-2.1926076,49.799,34.473,67.18,-1.17,0.1,12,50.2,49.94,50.14999,50,-0.1999817,50,-0.03978014,-0.009180069,0,5,3,1500,85,0,0.3500061,1,13.7,10.5,0,52.202713,-2.19329,125.22,11.87,2,60.83,22 / 23,13997610,2020-01-08 16:08:41:204,0.4941,-0.1853,9.7205,0.0242,0.0131,9.8066,-0.0318,0.1255,-0.0688,-13.06,-35.37,-13.31,215.55,-88.72,171.96
58121.8,58121.80017,136,58121.8,52.2031874,-2.1925961,49.813,34.287,67.05,-1.18,0.1,12.20001,49.97,50.28999,50.39999,49.89999,-0.8999939,50.16,-0.03978014,-0.02958012,0,5,3,1501,85,0,0.3500061,1,13.7,10.5,0,52.202713,-2.19329,125.22,11.87,2,60.83,22 / 23,13997710,2020-01-08 16:08:41:304,1.2784,-0.8704,10.1747,0.0075,0.0107,9.8066,0.0483,-0.0124,-0.0212,-13.31,-34.44,-13.62,210.67,-88.58,169.07
58121.9,58121.89917,136,58121.9,52.2031977,-2.1925846,50,34.493,66.94,-1.16,0.1,12.5,50.23999,50.33,50.47,49.98999,-0.8999939,50.22,-0.03978014,-0.02958012,0,5,3,1505,85,0,0.5899963,1,13.7,10.5,0,52.202713,-2.19329,125.22,11.87,2,60.83,22 / 23,13997809,2020-01-08 16:08:41:403,1.0155,-0.2791,10.5754,0.0366,0.0188,9.8065,-0.0146,0.0118,-0.002,-12.87,-33.87,-14.81,209.31,-88.24,169.86
58122,58122.00017,136,58122,52.2032079,-2.1925729,50.141,34.687,66.82,-1.17,0.1,12.70001,50.42999,50.22,50.51999,50.5,-0.7999878,50.24,-0.03978014,-0.02958012,0,5,3,1505,85,0,0.8299866,1,13.7,10.5,0,52.202713,-2.19329,125.22,11.87,2,60.83,22 / 23,13997910,2020-01-08 16:08:41:504,-0.5809,0.8023,9.2931,-0.0113,0.0064,9.8066,0.1169,-0.3514,0.1358,-13.62,-34.19,-14.5,213.83,-88.19,170.55
58122.1,58122.10017,136,58122.1,52.2032184,-2.1925612,50.792,34.489,66.72,-1.14,0.1,12.70001,50.5,50.42,50.72,50.50999,-0.6000061,50.42,-0.02958012,-0.03978014,0,5,3,1506,85,0,0.5899963,1,13.7,10.5,0,52.202713,-2.19329,125.22,11.87,2,60.83,22 / 23,13998010,2020-01-08 16:08:41:604,-2.0786,1.7406,8.7715,-0.006,0.017,9.8066,0.2271,0.0434,0.1511,-12.5,-35.25,-13.87,211.51,-87.78,173.1
58122.2,58122.19917,136,58122.2,52.2032286,-2.1925494,50.515,34.836,66.59,-1.16,0.1,12.70001,50.59,50.62999,50.81999,50.33,-0.8999939,50.58,-0.03978014,-0.02958012,0,5,3,1507,85,0,0.5899963,1,13.7,10.5,0,52.202713,-2.19329,125.22,11.87,2,60.83,22 / 23,13998109,2020-01-08 16:08:41:703,1.899,-2.479,8.1947,-0.1045,-0.0273,9.806,0.3098,-0.1792,0.3482,-13.62,-35.12,-13.56,220.26,-87.65,177.92
58122.3,58122.30117,136,58122.3,52.2032389,-2.1925376,50.569,34.928,66.47,-1.17,0.1,12.89996,50.94,50.87,51,50.56999,-1,50.82,-0.04997993,-0.009180069,0,5,3,1514,85,0,1.539978,1,13.7,10.5,0,52.202713,-2.19329,125.22,11.87,2,60.83,22 / 23,13998211,2020-01-08 16:08:41:805,-3.4247,-0.2734,10.1223,0.0543,-0.0645,9.8062,0.1918,0.1626,-0.5378,-12.81,-35.12,-13.81,216.56,-87.85,176
58122.4,58122.40017,136,58122.4,52.2032493,-2.1925258,50.612,34.791,66.35,-1.17,0.1,13,51.05,50.84,51.12,50.69,-1.100006,50.99,-0.04997993,-0.02958012,0,5,3,1511,85,0,2.48999,1,13.7,10.5,0,52.202713,-2.19329,125.22,11.87,2,60.83,23 / 23,13998310,2020-01-08 16:08:41:904,2.8575,-4.5406,9.2869,0.0476,-0.1039,9.8059,-0.0158,0.1164,-0.4561,-12.44,-35.06,-13.37,198.51,-87.77,157.19
58122.5,58122.50017,136,58122.5,52.2032596,-2.1925139,50.735,34.992,66.22,-1.18,0.1,12.70001,51.16,51,51.22,50.95999,-1.100006,50.99,-0.05915999,-0.03978014,0,5,3,1515,85,0,3.910004,1,13.7,10.5,0,52.202713,-2.19329,125.22,11.87,2,60.83,23 / 23,13998410,2020-01-08 16:08:42:004,-0.5382,0.8809,11.2252,-0.0262,-0.0174,9.8066,0.21,0.2021,0.1543,-11.5,-35.19,-13,198.28,-88.13,159.24
58122.6,58122.59917,136,58122.6,52.2032699,-2.1925019,50.71,35.456,66.12,-1.16,0.1,12.59998,51.12,51,51.09999,50.84999,-0.6000061,51.06,-0.06936002,-0.01938009,0,5,3,1528,85,0,4.859985,1,13.7,10.5,0,52.202713,-2.19329,125.22,11.87,2,60.83,23 / 23,13998509,2020-01-08 16:08:42:103,1.1722,-2.6893,10.5783,0.0024,0.0362,9.8065,0.0145,0.0431,0.235,-12.44,-34.81,-12.87,211.66,-87.74,171.28
58122.7,58122.70017,136,58122.7,52.2032802,-2.1924899,50.911,35.354,66.02,-1.13,0.1,12.09998,50.89999,50.84999,51.14999,50.76999,-0.6999817,50.98,-0.06936002,-0.01938009,0,5,3,1525,85,0,5.579987,1,13.7,10.5,0,52.202713,-2.19329,125.22,11.87,2,60.83,23 / 23,13998610,2020-01-08 16:08:42:204,0.5493,0.4733,9.1292,0.0884,0.0084,9.8062,-0.1464,-0.0325,-0.3396,-13.12,-35.25,-13.06,219.98,-87.3,178.25
58122.8,58122.80117,136,58122.8,52.2032906,-2.192478,50.774,35.333,65.94,-1.09,0.1,10.89996,50.94,50.89,51.20999,50.78,-0.7999878,50.76,-0.07956004,-0.009180069,0,5,3,1533,85,0,6.289978,1,13.7,10.5,0,52.202713,-2.19329,125.22,11.87,2,60.83,23 / 23,13998711,2020-01-08 16:08:42:305,2.0804,-4.297,9.6962,0.0562,-0.054,9.8063,0.1732,0.3512,-0.4421,-12,-36.12,-13.5,206.41,-87.09,166.3
58122.9,58122.90017,136,58122.9,52.2033008,-2.1924659,50.89,35.795,65.84,-1.08,0.1,7.599976,50.72,50.76999,51.00999,50.76999,-0.6000061,50.77,-0.08976007,0,0,5,3,1524,85,0,9.380005,1,13.7,10.5,0,52.202713,-2.19329,125.22,11.87,2,60.83,23 / 23,13998810,2020-01-08 16:08:42:404,-1.8235,0.5366,11.047,-0.0341,0.0038,9.8066,0.2379,0.1705,-0.0011,-11.87,-35.87,-11.56,210.1,-86.74,168.53
58123,58123.00017,136,58123,52.2033112,-2.192454,50.724,35.198,65.76,-1.04,0.1,5.200012,50.62,50.51999,50.58,50.19,0.3000183,50.6,-0.1091399,0.009180069,0,5,3,1528,85,0,11.28,1,13.7,10.5,0,52.202713,-2.19329,125.22,11.87,2,60.83,23 / 23,13998910,2020-01-08 16:08:42:504,-0.8007,-2.4734,9.2345,-0.0168,-0.0422,9.8064,0.0847,0.0073,-0.0185,-13.19,-33.37,-11.44,216.41,-86.77,170.32
58123.1,58123.10017,136,58123.1,52.2033214,-2.1924422,50.339,35.368,65.68,-1.01,0.1,4.899963,50.17,50.31,50.39,50.17,1.399994,50.27,-0.13974,0.02957988,0,5,3,1516,84,0,14.60001,1,13.8,10.5,0,52.202713,-2.19329,125.22,11.87,2,60.83,23 / 23,13999010,2020-01-08 16:08:42:604,0.5061,-0.6094,11.6008,-0.0114,-0.0553,9.8064,0.2083,-0.0558,-0.0471,-13.06,-33.31,-12.69,212.79,-86.71,170.95
58123.2,58123.20017,136,58123.2,52.2033316,-2.1924303,50.209,35.58,65.6,-0.99,0.1,5.099976,49.75,49.7,49.94,49.59999,1.200012,49.87,-0.1693201,0.01937985,0,5,3,1512,85,0,16.5,1,13.7,10.5,0,52.202713,-2.19329,125.22,11.87,2,60.83,23 / 23,13999110,2020-01-08 16:08:42:704,0.4881,-2.418,11.129,0.0493,0.0113,9.8065,-0.1349,0.12,-0.0355,-13,-34.37,-13.06,212.93,-86.75,171.16
58123.3,58123.30017,136,58123.3,52.2033417,-2.1924187,49.594,35.096,65.52,-0.96,0.1,5.200012,49.08,49.36,49.3,49.22,1.200012,49.22,-0.1897202,0.01937985,0,5,3,1489,84,0,17.44998,1,13.7,10.5,0,52.202713,-2.19329,125.22,11.87,2,60.83,23 / 23,13999210,2020-01-08 16:08:42:804,-1.419,0.2667,11.1949,-0.0008,-0.0003,9.8066,0.0119,0.0983,-0.0133,-13.75,-35.31,-12.94,217.74,-86.59,174.39
58123.4,58123.40017,136,58123.4,52.2033518,-2.1924072,49.255,35.172,65.44,-0.93,0.1,5.099976,48.55,48.45999,48.83,48.55,1.200012,48.72,-0.1999199,0,0,5,3,1472,84,0,17.44998,1,13.7,10.5,0,52.202713,-2.19329,125.22,11.87,2,60.83,24 / 24,13999310,2020-01-08 16:08:42:904,-0.0623,-1.5909,10.8789,0.0115,0.0454,9.8065,-0.1136,-0.1024,0.2043,-13.37,-37.19,-12.69,214.19,-86.19,173.45
58123.5,58123.50017,136,58123.5,52.2033617,-2.1923958,48.686,35.097,65.37,-0.91,0.1,5.299988,48.09,48.09,48.16,47.94,1.200012,48.09,-0.2193,0,0,5,3,1441,84,0,17.69,1,13.7,10.5,0,52.202713,-2.19329,125.22,11.87,2,60.83,24 / 24,13999410,2020-01-08 16:08:43:004,-0.7045,-3.0684,9.2916,0.0287,0.0106,9.8065,-0.0983,0.0452,0.009,-12.62,-36.31,-12.19,218.45,-86.22,175.9
58123.6,58123.60017,137,58123.6,52.2033715,-2.1923846,48.326,35,65.29,-0.89,0.1,6.399963,47.36,47.70999,47.67999,47.52,1.200012,47.8,-0.2193,0.009180069,0,5,3,1424,84,0,16.97998,1,13.7,10.5,0,52.202713,-2.19329,125.22,11.87,2,60.83,24 / 24,13999510,2020-01-08 16:08:43:104,0.2802,-2.9839,9.8547,-0.0244,-0.0041,9.8066,0.0533,-0.2024,0.1267,-13.06,-36.81,-12,220.45,-86.2,178.25
58123.7,58123.70017,137,58123.7,52.2033812,-2.1923735,47.588,34.768,65.21,-0.88,0.1,8.200012,46.75999,47.06999,46.97,46.89,0.8000183,47.17,-0.21012,0,0,5,3,1396,84,0,14.60001,1,13.7,10.5,0,52.202713,-2.19329,125.22,11.87,2,60.83,24 / 24,13999610,2020-01-08 16:08:43:204,0.2769,-1.9495,10.5997,-0.016,-0.0033,9.8066,0.031,-0.0974,0.0314,-12.81,-36.37,-11.87,218.79,-86.42,176.02
58123.8,58123.80017,137,58123.8,52.2033909,-2.1923627,46.926,34.477,65.13,-0.86,0.1,9.099976,46.25999,46.5,46.56999,46.39,0.2000122,46.58,-0.1999199,0,0,5,3,1380,84,0,14.35999,1,13.7,10.5,0,52.202713,-2.19329,125.22,11.87,2,60.83,24 / 24,13999710,2020-01-08 16:08:43:304,-3.9952,-1.5903,8.0232,-0.073,-0.0211,9.8063,0.1615,-0.193,0.0654,-12.62,-36.19,-12.19,212.75,-86.78,168.96
58123.9,58123.90017,137,58123.9,52.2034004,-2.1923519,46.8,34.582,65.05,-0.86,0.1,9.099976,46.17,46.17999,46.23999,45.75999,-0.1000061,46.04,-0.1999199,-0.01938009,0,5,3,1367,84,0,14.35999,1,13.6,10.5,0,52.202713,-2.19329,125.22,11.87,2,60.83,24 / 24,13999810,2020-01-08 16:08:43:404,-0.6372,-0.7853,9.3856,-0.0223,0.0043,9.8065,0.1575,-0.3582,0.2681,-13,-35.69,-12.12,212.73,-86.53,169.21
58124,58124.00017,137,58124,52.2034099,-2.1923414,45.94,34.182,64.97,-0.85,0.1,9,45.67999,45.89999,45.89,45.73999,0.3999939,45.75,-0.21012,-0.009180069,0,5,3,1354,84,0,9.609985,1,13.7,10.5,0,52.202713,-2.19329,125.22,11.87,2,60.83,24 / 24,13999910,2020-01-08 16:08:43:504,-4.0518,0.8195,9.4563,-0.0636,0.0375,9.8063,-0.0378,-0.5101,0.3349,-12.69,-34.69,-12.56,215.88,-86.35,174.9
58124.1,58124.10017,137,58124.1,52.2034191,-2.1923307,45.598,35.054,64.89,-0.83,0.1,9.599976,45.50999,45.34999,45.36,45.12,0.3999939,45.5,-0.16014,0,0,5,3,1340,84,0,7.23999,1,13.7,10.5,0,52.202713,-2.19329,125.22,11.87,2,60.83,24 / 24,14000010,2020-01-08 16:08:43:604,2.1635,-4.835,11.399,-0.049,-0.018,9.8064,0.2114,-0.3794,0.273,-12.44,-35.37,-13.62,211.9,-86.72,174.55
58124.2,58124.19917,137,58124.2,52.2034284,-2.1923203,45.277,34.614,64.83,-0.81,0.1,12,45.05,45.11,45.23,45.03999,0.2000122,45.23,-0.13974,0.009180069,0,5,3,1322,84,0,7,1,13.7,10.5,0,52.202713,-2.19329,125.22,11.87,2,60.83,24 / 24,14000109,2020-01-08 16:08:43:703,-2.7676,-0.6457,8.6785,-0.0266,0.0127,9.8066,-0.0092,0.2517,-0.0643,-12.81,-38.06,-12.25,220.44,-86.62,177.81
58124.3,58124.30017,137,58124.3,52.2034378,-2.19231,45.184,33.962,64.76,-0.79,0.1,15.79999,44.75999,44.86,45.06999,44.89999,-0.7999878,44.94,-0.1193399,-0.01938009,0,5,3,1315,84,0,7.23999,1,13.7,10.5,0,52.202713,-2.19329,125.22,11.87,2,60.83,24 / 24,14000210,2020-01-08 16:08:43:804,1.5872,-1.9808,10.733,-0.0084,-0.0027,9.8066,0.1216,-0.3494,-0.1417,-12.69,-36.25,-11.94,213.95,-86.42,170.67
58124.4,58124.40017,137,58124.4,52.2034469,-2.1922997,44.741,34.513,64.7,-0.77,0.1,16,44.67999,44.12,44.8,44.27,-1.899994,44.63,-0.1193399,-0.04997993,0,5,3,1320,84,0,10.56,1,13.8,10.5,0,52.202713,-2.19329,125.22,11.87,2,60.83,23 / 24,14000310,2020-01-08 16:08:43:904,-4.5918,2.4541,11.339,0.0777,0.0444,9.8062,-0.204,0.4892,-0.3244,-12.31,-36.62,-11.69,210.13,-85.72,169.74
58124.5,58124.49917,137,58124.5,52.2034561,-2.1922895,44.647,34.299,64.64,-0.74,0.1,15.79999,44.28999,43.94,44.64999,44.03,-2,44.25,-0.12954,-0.07956004,0,5,3,1318,84,0,12.69998,1,13.7,10.5,0,52.202713,-2.19329,125.22,11.87,2,60.83,23 / 24,14000409,2020-01-08 16:08:44:003,-3.7769,1.0861,7.9454,-0.0156,0.0781,9.8062,-0.3127,-0.2266,0.3391,-13.37,-36.19,-12.56,210.19,-85.66,169.39
58124.6,58124.60017,137,58124.6,52.2034651,-2.1922791,44.374,34.853,64.58,-0.72,0.1,16,43.89999,43.86,44.03999,43.59999,-1.199982,43.91,-0.16014,-0.07956004,0,5,3,1311,84,0,13.88998,1,13.7,10.5,0,52.202713,-2.19329,125.22,11.87,2,60.83,23 / 24,14000510,2020-01-08 16:08:44:104,-3.1156,1.9299,11.2669,0.0922,-0.0513,9.8061,0.035,0.735,-0.386,-13.81,-35.5,-11.94,218.97,-85.82,174.49
58124.7,58124.69917,137,58124.7,52.203474,-2.192269,43.704,34.886,64.51,-0.71,0.1,17.39996,43.48999,43.22,43.59,43.17999,-1.299988,43.6,-0.1693201,-0.05915999,0,5,3,1297,84,0,13.88998,1,13.6,10.5,0,52.202713,-2.19329,125.22,11.87,2,60.83,23 / 24,14000609,2020-01-08 16:08:44:203,-2.3695,-0.7627,8.8556,0.0512,0.0309,9.8064,-0.1439,0.3426,-0.1164,-13.06,-36.06,-12.25,223.37,-85.51,-177.72
58124.8,58124.80017,137,58124.8,52.2034828,-2.1922587,43.474,35.435,64.46,-0.69,0.1,19.70001,42.92,42.61,43.12,42.5,-2,42.93,-0.1693201,-0.07956004,0,5,3,1284,84,0,14.35999,1,13.7,10.5,0,52.202713,-2.19329,125.22,11.87,2,60.83,23 / 24,14000710,2020-01-08 16:08:44:304,3.0916,-7.1362,8.9933,0.0393,-0.0739,9.8062,0.1575,0.407,-0.2818,-13.5,-35.81,-11.56,223.13,-85.54,-178.04
58124.9,58124.89917,137,58124.9,52.2034916,-2.1922488,42.876,34.798,64.41,-0.66,0.1,20.79999,42.53,42.42,42.75,42.3,-2.799988,42.38,-0.1693201,-0.08976007,0,5,3,1271,84,0,14.13,1,13.7,10.5,0,52.202713,-2.19329,125.22,11.87,2,60.83,23 / 24,14000809,2020-01-08 16:08:44:403,-3.3,2.2408,10.7087,0.0505,-0.0445,9.8063,0.1176,0.7142,-0.3244,-13.06,-35.62,-11.81,227,-85.57,-173.77
58125,58124.99917,137,58125,52.2035002,-2.1922385,42.876,35.938,64.36,-0.64,0.1,20.5,42.16,41.73,42.23999,41.64,-2.799988,42.01,-0.1795201,-0.08976007,0,5,3,1263,84,0,14.13,1,13.7,10.5,0,52.202713,-2.19329,125.22,11.87,2,60.83,23 / 24,14000909,2020-01-08 16:08:44:503,4.3458,-4.3042,9.1321,-0.01,0.0251,9.8066,-0.1891,-0.3989,0.3451,-12.81,-35.56,-11.5,225.99,-85.47,-176.96
58125.1,58125.10017,137,58125.1,52.2035086,-2.1922284,41.836,36.108,64.31,-0.62,0.1,20.20001,41.70999,41.5,41.8,41.14,-2.699982,41.63,-0.1897202,-0.08976007,0,5,3,1253,84,0,14.35999,1,13.7,10.5,0,52.202713,-2.19329,125.22,11.87,2,60.83,23 / 24,14001010,2020-01-08 16:08:44:604,2.4478,-4.9099,8.5619,0.0545,-0.0687,9.8062,0.0097,0.2576,-0.157,-12.69,-35.19,-11.12,230.11,-85.54,-172.68
58125.2,58125.20117,137,58125.2,52.203517,-2.1922185,41.53,35.876,64.25,-0.62,0.1,20.09998,41.09,41.06,41.19,40.70999,-2.600006,41.01,-0.1897202,-0.07956004,0,5,3,1242,84,0,16.03,1,13.7,10.5,0,52.202713,-2.19329,125.22,11.87,2,60.83,23 / 24,14001111,2020-01-08 16:08:44:705,3.7027,-6.1554,10.2548,-0.0543,0.0739,9.8061,-0.0511,-0.6317,0.5393,-14.12,-35.37,-11.87,232.26,-85.66,-170.69
58125.3,58125.30017,137,58125.3,52.203525,-2.1922085,40.86,37.084,64.19,-0.61,0.1,19.79999,40.41,40.34,40.64,40.03,-2.5,40.53,-0.1999199,-0.06936002,0,5,3,1225,84,0,17.44998,1,13.7,10.5,0,52.202713,-2.19329,125.22,11.87,2,60.83,23 / 24,14001210,2020-01-08 16:08:44:804,-0.5188,-3.7716,9.2721,0.017,-0.0238,9.8066,-0.0459,-0.2791,-0.0276,-13.56,-35.19,-11,231.92,-85.71,-173.34
58125.4,58125.40017,137,58125.4,52.2035332,-2.1921987,40.604,36.393,64.15,-0.58,0.1,19.29999,40,39.58,40.14,39.55,-2.699982,39.86,-0.21012,-0.04997993,0,5,3,1199,84,0,18.63998,1,13.7,10.5,0,52.20349,-2.192233,123.8,11.5,2,36.54,23 / 23,14001310,2020-01-08 16:08:44:904,-3.1811,1.1634,11.0956,-0.0242,0.0721,9.8063,-0.1054,-0.4479,0.2777,-13.69,-34.75,-10.44,232.96,-85.67,-174.52
58125.5,58125.49917,137,58125.5,52.203541,-2.1921889,39.658,37.241,64.1,-0.57,0.1,18.89996,39.47,39.09,39.48999,38.98999,-2.299988,39.42,-0.2295001,-0.04997993,0,4,3,1155,84,0,19.82999,1,13.5,10.5,0,52.20349,-2.192233,123.8,11.5,2,36.54,23 / 23,14001409,2020-01-08 16:08:45:003,-0.7094,-3.1891,9.129,0.0349,0.0159,9.8066,-0.2014,-0.3702,0.2098,-13.12,-33.87,-11.94,222.31,-85.29,-178.98
58125.6,58125.60017,137,58125.6,52.2035487,-2.1921792,39.29,37.433,64.06,-0.55,0.1,18.59998,38.56999,38.36,38.97,38.25,-2.299988,38.72,-0.2295001,-0.06936002,0,4,3,1142,84,0,20.78,1,13.5,10.5,0,52.20349,-2.192233,123.8,11.5,2,36.54,23 / 23,14001510,2020-01-08 16:08:45:104,-2.3809,-0.3738,10.7803,-0.018,0.0435,9.8065,-0.0708,-0.4196,0.2173,-12.62,-34.31,-12.25,220.54,-85.16,179.21
58125.7,58125.70017,137,58125.7,52.2035563,-2.1921697,38.347,37.372,64.02,-0.53,0.1,18.20001,37.67,37.55,37.92999,37.50999,-2.299988,37.97,-0.2499001,-0.06936002,0,4,3,1182,84,0,21.48999,1,13.7,10.5,0,52.20349,-2.192233,123.8,11.5,2,36.54,23 / 23,14001610,2020-01-08 16:08:45:204,1.6765,-5.6818,9.8619,-0.0014,0.0513,9.8064,-0.1421,0.0049,0.3054,-12.56,-35.75,-12.25,222.41,-85.04,-178.16
58125.8,58125.80017,137,58125.8,52.2035637,-2.1921602,37.825,37.987,63.99,-0.49,0.1,18.29999,36.95,36.64999,37.17999,36.58,-1.899994,37.12,-0.26928,-0.04997993,0,4,3,1201,84,0,22.19998,1,13.7,10.5,0,52.20349,-2.192233,123.8,11.5,2,36.54,23 / 23,14001710,2020-01-08 16:08:45:304,3.2932,0.4477,12.3529,-0.0255,0.0377,9.8065,0.1899,-0.2541,0.1141,-12.44,-36.81,-10.69,225.37,-85.16,-174.36
58125.9,58125.90017,137,58125.9,52.2035708,-2.192151,36.774,38.174,63.95,-0.49,0.1,18.20001,36.03999,36.05,36.37999,35.89999,-1.799988,36.23,-0.27948,-0.04997993,0,4,3,1212,84,0,22.19998,1,13.7,10.5,0,52.20349,-2.192233,123.8,11.5,2,36.54,23 / 23,14001810,2020-01-08 16:08:45:404,2.6381,-5.4236,9.5972,0.0259,0.0614,9.8063,-0.1366,-0.5973,0.1927,-13,-35.87,-10.19,224.46,-84.69,-179.89
58126,58126.00017,137,58126,52.2035779,-2.1921418,36.356,38.304,63.92,-0.46,0.1,18.20001,35.31,35.14,35.42999,34.89999,-1.699982,35.43,-0.27948,-0.03978014,0,4,3,1223,84,0,22.19998,1,13.7,10.5,0,52.20349,-2.192233,123.8,11.5,2,36.54,23 / 23,14001910,2020-01-08 16:08:45:504,-4.1488,-0.9382,8.9401,-0.0603,0.0269,9.8064,0.0365,-0.0781,0.2823,-12.44,-36.37,-10,224.12,-84.91,-177.99
58126.1,58126.09917,137,58126.1,52.2035847,-2.192133,35.089,38.253,63.89,-0.44,0.1,18.20001,34.37999,34.31,34.66,34.2,-1.799988,34.66,-0.28968,-0.03978014,0,4,3,1236,84,0,22.44,1,13.8,10.5,0,52.20349,-2.192233,123.8,11.5,2,36.54,23 / 23,14002009,2020-01-08 16:08:45:603,-0.5533,-3.5548,9.7902,-0.0398,0.0258,9.8065,-0.0624,-0.3702,0.1649,-12.81,-35.69,-9.69,225.81,-84.92,-178.7
58126.2,58126.20017,137,58126.2,52.2035914,-2.1921243,34.304,38.65,63.85,-0.43,0.1,18,33.55,33.34,33.61,33.23,-1.699982,33.7,-0.28968,-0.03978014,0,4,3,1241,84,0,21.95999,1,13.7,10.5,0,52.20349,-2.192233,123.8,11.5,2,36.54,23 / 23,14002110,2020-01-08 16:08:45:704,-2.2401,-0.2319,10.4742,0.0209,0.0047,9.8066,-0.1042,-0.0146,-0.1798,-12.81,-35.5,-10.5,226.13,-84.92,-178.57
58126.3,58126.30017,137,58126.3,52.2035978,-2.1921157,33.491,39.317,63.83,-0.41,0.1,18,32.78999,32.67,32.95999,32.42,-1.899994,32.9,-0.29988,-0.03978014,0,4,3,1209,84,0,22.44,1,13.7,10.5,0,52.20349,-2.192233,123.8,11.5,2,36.54,23 / 23,14002210,2020-01-08 16:08:45:804,-2.0929,-2.7541,9.115,-0.0309,0.0489,9.8064,-0.0111,-0.2105,0.234,-12.69,-35.69,-9.31,225.73,-84.94,178.59
58126.4,58126.40217,137,58126.4,52.2036041,-2.1921075,32.508,38.152,63.78,-0.41,0.1,18,31.92,31.59999,31.97,31.56999,-1.799988,31.94,-0.27948,-0.04997993,0,4,3,1177,84,0,23.85999,1,13.7,10.5,0,52.20349,-2.192233,123.8,11.5,2,36.54,24 / 24,14002312,2020-01-08 16:08:45:906,-3.5644,0.1109,9.6715,0.0216,0.0055,9.8066,-0.0517,0.4874,-0.1433,-12.62,-34.5,-10.06,226.15,-84.91,-178.77
58126.5,58126.49917,137,58126.5,52.2036102,-2.1920993,31.831,39.29,63.76,-0.38,0.1,17.79999,30.95,30.77,31.14999,30.64999,-2,31.17,-0.28968,-0.04997993,0,4,3,1178,84,0,26.70999,1,13.7,10.5,0,52.20349,-2.192233,123.8,11.5,2,36.54,24 / 24,14002409,2020-01-08 16:08:46:003,-3.0978,-1.5146,9.1534,-0.0697,0.032,9.8063,0.0709,-0.6368,0.457,-12.87,-35.37,-11.37,226.12,-84.85,-176.1
58126.6,58126.60017,137,58126.6,52.2036161,-2.1920914,30.654,39.585,63.75,-0.35,0.1,17.89996,29.7,29.70999,29.98,29.41,-1.5,29.97,-0.3294601,-0.03978014,0,4,3,1183,84,0,30.98999,1,13.7,10.5,0,52.20349,-2.192233,123.8,11.5,2,36.54,24 / 24,14002510,2020-01-08 16:08:46:104,2.7558,-7.0208,10.7615,-0.0363,-0.0158,9.8065,0.2254,-0.4231,0.2348,-12.69,-37.56,-10.25,227.21,-85.03,-176.84
58126.7,58126.69917,137,58126.7,52.2036218,-2.1920837,29.963,39.429,63.73,-0.34,0.1,19.5,28.52,28.41,28.69,28.27,-1.600006,28.77,-0.36006,-0.03978014,0,4,3,1205,84,0,32.64999,1,13.7,10.5,0,52.20349,-2.192233,123.8,11.5,2,36.54,24 / 24,14002609,2020-01-08 16:08:46:203,-0.6415,-3.5167,8.302,-0.0345,0.0641,9.8064,-0.1452,-0.5857,0.321,-12.19,-36.62,-9.19,229.27,-84.85,-174.29
58126.8,58126.79917,137,58126.8,52.2036272,-2.1920764,28.235,39.452,63.7,-0.33,0.1,21,27.32999,27.1,27.43999,26.89,-1.5,27.58,-0.3896401,-0.05915999,0,2,3,1217,84,0,32.88998,1,13.7,10.5,0,52.20349,-2.192233,123.8,11.5,2,36.54,24 / 24,14002709,2020-01-08 16:08:46:303,1.7863,-5.01,10.1228,-0.0503,0.0372,9.8064,-0.0498,-0.4324,0.4265,-13.37,-35.19,-8.94,228.78,-84.77,-177.89
58126.9,58126.90017,137,58126.9,52.2036323,-2.1920692,27.457,40.175,63.69,-0.3,0.1,22,26.27,25.74,26.21,25.67,-2,26.41,-0.3998401,-0.04997993,0,2,3,1222,84,0,32.41,1,13.7,10.5,0,52.20349,-2.192233,123.8,11.5,2,36.54,24 / 24,14002810,2020-01-08 16:08:46:404,-3.4923,-0.1398,11.4171,-0.0088,0.0782,9.8062,-0.1362,-0.147,0.1935,-13.44,-34.12,-9.06,227.71,-84.69,-179.23
58127,58127.00017,137,58127,52.2036372,-2.1920624,25.855,40.46,63.67,-0.28,0.1,22.5,24.78,24.50999,24.75,24.39999,-2.100006,24.87,-0.4100401,-0.01938009,0,2,3,1241,84,0,32.17999,1,13.8,10.5,0,52.20349,-2.192233,123.8,11.5,2,36.54,24 / 24,14002910,2020-01-08 16:08:46:504,-0.1815,-6.3472,8.8266,0.0198,0.0662,9.8064,-0.2955,-0.461,0.1356,-13.75,-34.69,-10.19,227.69,-84.72,-178.92
58127.1,58127.09917,137,58127.1,52.2036417,-2.1920561,24.217,40.435,63.65,-0.27,0.1,22.70001,23.45,23.32999,23.5,23.2,-1.799988,23.67,-0.4100401,-0.02958012,0,2,3,1249,84,0,32.64999,1,13.7,10.5,0,52.20349,-2.192233,123.8,11.5,2,36.54,24 / 24,14003009,2020-01-08 16:08:46:603,-5.7121,0.8747,10.6623,-0.0215,-0.0117,9.8066,0.0991,0.2102,-0.1738,-13.44,-34.37,-10.75,222.84,-84.89,179.91
58127.2,58127.20017,137,58127.2,52.2036461,-2.1920499,23.49,40.356,63.64,-0.25,0.1,22.70001,22.05,21.79,22.06,21.64999,-1.899994,22.2,-0.4202399,-0.03978014,0,2,3,1260,84,0,31.22998,1,13.7,10.5,0,52.20349,-2.192233,123.8,11.5,2,36.54,24 / 24,14003110,2020-01-08 16:08:46:704,-4.9062,-1.1674,10.0413,-0.058,0.0712,9.8061,-0.0269,-0.4265,0.1999,-13,-35.19,-10.31,221.49,-84.96,176.09
58127.3,58127.29917,137,58127.3,52.2036502,-2.1920441,21.866,40.64,63.62,-0.25,0.1,22.29999,20.57,20.52,20.82999,20.28,-1.199982,20.93,-0.4202399,-0.03978014,0,2,3,1269,84,0,29.32999,1,13.7,10.5,0,52.20349,-2.192233,123.8,11.5,2,36.54,24 / 24,14003209,2020-01-08 16:08:46:803,0.5109,-7.8427,9.0635,0.0413,-0.0599,9.8063,0.0336,0.7215,-0.5246,-13.56,-35.56,-10.06,223.15,-84.93,175.85
58127.4,58127.40017,137,58127.4,52.2036541,-2.1920387,20.725,40.89,63.62,-0.21,0.1,22.09998,19.35,19.25,19.35,19.03,-1.799988,19.67,-0.3998401,-0.01938009,0,2,3,1276,84,0,28.13998,1,13.7,10.5,0,52.20349,-2.192233,123.8,11.5,2,36.54,24 / 24,14003310,2020-01-08 16:08:46:904,1.2305,-5.897,10.9783,-0.0268,-0.0072,9.8065,0.1506,0.2518,-0.1042,-12.94,-35.62,-8.81,224.12,-85.06,176.56
58127.5,58127.50017,137,58127.5,52.2036576,-2.1920334,19.494,41.77,63.61,-0.2,0.1,21.89996,18.1,17.96,18.18999,17.93999,-1.600006,18.51,-0.3896401,0,0,2,3,1276,84,0,26.70999,1,13.7,10.5,0,52.20349,-2.192233,123.8,11.5,2,36.54,24 / 24,14003410,2020-01-08 16:08:47:004,0.9958,-7.9828,9.7992,0.0576,-0.0497,9.8063,-0.011,0.5774,-0.3441,-13.25,-35.37,-9.12,223.19,-84.95,175.45
